candidate_id,level,location,work_mode,years_exp,source
EXT-0001,senior,bengaluru,onsite,7.9,referral
EXT-0002,senior,bengaluru,onsite,7.0,direct
EXT-0003,senior,bengaluru,onsite,9.8,referral
EXT-0004,senior,bengaluru,onsite,8.7,agency
EXT-0005,senior,bengaluru,onsite,11.6,job_board
EXT-0006,senior,bengaluru,onsite,9.6,agency
EXT-0007,senior,bengaluru,onsite,9.9,job_board
EXT-0008,senior,bengaluru,onsite,5.4,job_board
EXT-0009,senior,bengaluru,onsite,7.2,agency
EXT-0010,senior,bengaluru,onsite,11.8,direct
EXT-0011,senior,bengaluru,onsite,8.4,direct
EXT-0012,senior,bengaluru,onsite,5.5,direct
EXT-0013,senior,bengaluru,onsite,6.5,agency
EXT-0014,senior,bengaluru,onsite,6.1,agency
EXT-0015,senior,bengaluru,onsite,8.8,agency
EXT-0016,senior,bengaluru,onsite,7.4,job_board
EXT-0017,senior,bengaluru,onsite,7.6,agency
EXT-0018,senior,bengaluru,onsite,9.6,job_board
EXT-0019,senior,bengaluru,onsite,8.5,job_board
EXT-0020,senior,bengaluru,onsite,8.0,agency
EXT-0021,senior,bengaluru,onsite,5.4,direct
EXT-0022,senior,bengaluru,onsite,9.5,direct
EXT-0023,senior,bengaluru,onsite,11.7,direct
EXT-0024,senior,bengaluru,onsite,10.2,referral
EXT-0025,senior,bengaluru,onsite,11.3,direct
EXT-0026,senior,bengaluru,onsite,11.2,direct
EXT-0027,senior,bengaluru,onsite,5.9,referral
EXT-0028,senior,bengaluru,onsite,8.1,referral
EXT-0029,senior,bengaluru,onsite,7.2,agency
EXT-0030,senior,bengaluru,onsite,7.6,agency
EXT-0031,senior,bengaluru,onsite,11.1,direct
EXT-0032,senior,bengaluru,onsite,5.6,direct
EXT-0033,senior,bengaluru,onsite,9.0,referral
EXT-0034,senior,bengaluru,onsite,11.1,job_board
EXT-0035,senior,bengaluru,onsite,6.2,referral
EXT-0036,senior,bengaluru,onsite,10.8,job_board
EXT-0037,senior,bengaluru,onsite,10.7,direct
EXT-0038,senior,bengaluru,onsite,8.0,direct
EXT-0039,senior,bengaluru,onsite,6.5,agency
EXT-0040,senior,bengaluru,onsite,5.6,job_board
EXT-0041,senior,bengaluru,onsite,8.4,referral
EXT-0042,senior,bengaluru,onsite,6.7,agency
EXT-0043,senior,bengaluru,onsite,10.6,referral
EXT-0044,senior,bengaluru,onsite,6.8,referral
EXT-0045,senior,bengaluru,onsite,10.9,job_board
EXT-0046,senior,bengaluru,onsite,11.4,direct
EXT-0047,senior,bengaluru,onsite,10.5,job_board
EXT-0048,senior,bengaluru,onsite,11.1,job_board
EXT-0049,senior,bengaluru,onsite,8.5,job_board
EXT-0050,senior,bengaluru,onsite,9.7,referral
EXT-0051,senior,bengaluru,onsite,7.5,agency
EXT-0052,senior,bengaluru,onsite,11.1,job_board
EXT-0053,senior,bengaluru,onsite,7.1,agency
EXT-0054,senior,bengaluru,onsite,10.8,agency
EXT-0055,senior,bengaluru,onsite,8.5,direct
EXT-0056,senior,bengaluru,onsite,11.6,agency
EXT-0057,senior,bengaluru,onsite,10.2,agency
EXT-0058,senior,bengaluru,onsite,11.7,referral
EXT-0059,senior,bengaluru,onsite,11.2,job_board
EXT-0060,senior,bengaluru,onsite,6.2,referral
EXT-0061,senior,bengaluru,onsite,5.5,agency
EXT-0062,senior,bengaluru,onsite,10.4,job_board
EXT-0063,senior,remote_india,remote,8.3,referral
EXT-0064,senior,remote_india,remote,6.1,agency
EXT-0065,senior,remote_india,remote,5.5,agency
EXT-0066,senior,remote_india,remote,8.9,referral
EXT-0067,senior,remote_india,remote,5.5,direct
EXT-0068,senior,remote_india,remote,10.8,referral
EXT-0069,senior,remote_india,remote,8.7,referral
EXT-0070,senior,remote_india,remote,8.5,direct
EXT-0071,senior,remote_india,remote,5.0,job_board
EXT-0072,senior,remote_india,remote,11.6,agency
EXT-0073,senior,remote_india,remote,10.3,referral
EXT-0074,senior,remote_india,remote,10.3,referral
EXT-0075,senior,remote_india,remote,8.7,agency
EXT-0076,senior,remote_india,remote,10.8,job_board
EXT-0077,senior,remote_india,remote,10.6,agency
EXT-0078,senior,remote_india,remote,7.3,referral
EXT-0079,senior,remote_india,remote,6.6,referral
EXT-0080,senior,remote_india,remote,7.2,job_board
EXT-0081,senior,remote_india,remote,9.1,job_board
EXT-0082,senior,remote_india,remote,10.6,direct
EXT-0083,senior,remote_india,remote,9.2,direct
EXT-0084,senior,remote_india,remote,10.0,referral
EXT-0085,senior,remote_india,remote,10.4,direct
EXT-0086,senior,remote_india,remote,5.3,agency
EXT-0087,senior,remote_india,remote,11.5,agency
EXT-0088,senior,remote_india,remote,5.1,agency
EXT-0089,senior,remote_india,remote,9.3,direct
EXT-0090,senior,remote_india,remote,10.1,job_board
EXT-0091,senior,remote_india,remote,8.2,job_board
EXT-0092,senior,remote_india,remote,6.7,direct
EXT-0093,senior,remote_india,remote,9.7,job_board
EXT-0094,senior,remote_india,remote,10.9,job_board
EXT-0095,senior,remote_india,remote,6.0,referral
EXT-0096,senior,remote_india,remote,6.0,job_board
EXT-0097,senior,remote_india,remote,7.6,direct
EXT-0098,senior,remote_india,remote,8.2,referral
EXT-0099,senior,remote_india,remote,8.6,job_board
EXT-0100,senior,remote_india,remote,10.3,agency
EXT-0101,senior,remote_india,remote,5.3,agency
EXT-0102,senior,remote_india,remote,5.1,job_board
EXT-0103,senior,remote_india,remote,5.9,referral
EXT-0104,senior,remote_india,remote,5.6,direct
EXT-0105,senior,remote_india,remote,11.0,direct
EXT-0106,senior,remote_india,remote,7.7,referral
EXT-0107,senior,remote_india,remote,9.8,job_board
EXT-0108,senior,remote_india,remote,10.0,referral
EXT-0109,senior,remote_india,remote,7.4,agency
EXT-0110,senior,remote_india,remote,11.6,job_board
EXT-0111,senior,remote_india,remote,8.7,direct
EXT-0112,senior,remote_india,remote,6.7,referral
EXT-0113,senior,remote_india,remote,7.7,referral
EXT-0114,senior,remote_india,remote,8.5,agency
EXT-0115,senior,remote_india,remote,10.4,referral
EXT-0116,senior,remote_india,remote,9.6,job_board
EXT-0117,senior,remote_india,remote,11.0,direct
EXT-0118,senior,remote_india,remote,6.9,agency
EXT-0119,senior,remote_india,remote,7.3,referral
EXT-0120,senior,remote_india,remote,7.9,referral
EXT-0121,senior,remote_india,remote,6.2,direct
EXT-0122,senior,remote_india,remote,5.8,referral
EXT-0123,senior,remote_india,remote,6.8,direct
EXT-0124,senior,remote_india,remote,11.3,referral
EXT-0125,senior,remote_india,remote,6.1,referral
EXT-0126,senior,remote_india,remote,5.8,direct
EXT-0127,senior,remote_india,remote,9.9,referral
EXT-0128,senior,remote_india,remote,11.6,agency
EXT-0129,senior,remote_india,remote,7.6,job_board
EXT-0130,senior,remote_india,remote,7.4,direct
EXT-0131,senior,remote_india,remote,10.6,agency
EXT-0132,senior,remote_india,remote,5.6,referral
EXT-0133,senior,remote_india,remote,9.3,direct
EXT-0134,senior,remote_india,remote,6.5,job_board
EXT-0135,senior,remote_india,remote,10.3,agency
EXT-0136,senior,remote_india,remote,10.0,direct
EXT-0137,senior,remote_india,remote,10.1,job_board
EXT-0138,senior,remote_india,remote,9.2,direct
EXT-0139,senior,remote_india,remote,8.5,agency
EXT-0140,senior,remote_india,remote,11.9,referral
EXT-0141,senior,remote_india,remote,7.6,direct
EXT-0142,senior,remote_india,remote,11.1,agency
EXT-0143,senior,remote_india,remote,7.0,direct
EXT-0144,senior,remote_india,remote,10.8,job_board
EXT-0145,senior,remote_india,remote,6.6,agency
EXT-0146,senior,remote_india,remote,11.9,referral
EXT-0147,senior,remote_india,remote,11.2,referral
EXT-0148,senior,remote_india,remote,7.9,job_board
EXT-0149,senior,remote_india,remote,7.6,referral
EXT-0150,senior,remote_india,remote,5.9,referral
EXT-0151,senior,remote_india,remote,5.3,agency
EXT-0152,senior,remote_india,remote,5.1,referral
EXT-0153,senior,remote_india,remote,10.5,direct
EXT-0154,senior,remote_india,remote,11.5,direct
EXT-0155,senior,remote_india,remote,5.5,direct
EXT-0156,senior,remote_india,remote,9.8,agency
EXT-0157,senior,remote_india,remote,11.7,direct
EXT-0158,senior,remote_india,remote,10.3,referral
EXT-0159,senior,remote_india,remote,9.1,direct
EXT-0160,senior,remote_india,remote,8.8,job_board
EXT-0161,senior,remote_india,remote,9.1,job_board
EXT-0162,senior,remote_india,remote,9.1,referral
EXT-0163,senior,remote_india,remote,5.4,referral
EXT-0164,senior,remote_india,remote,7.4,job_board
EXT-0165,senior,remote_india,remote,5.4,referral
EXT-0166,senior,remote_india,remote,9.8,agency
EXT-0167,senior,remote_india,remote,7.9,referral
EXT-0168,senior,remote_india,remote,6.1,referral
EXT-0169,senior,remote_india,remote,10.8,agency
EXT-0170,senior,remote_india,remote,5.1,job_board
EXT-0171,senior,remote_india,remote,6.7,referral
EXT-0172,senior,remote_india,remote,6.2,direct
EXT-0173,senior,remote_india,remote,11.7,direct
EXT-0174,senior,remote_india,remote,8.2,agency
EXT-0175,senior,remote_india,remote,8.6,direct
EXT-0176,senior,remote_india,remote,8.9,direct
EXT-0177,senior,remote_india,remote,5.2,agency
EXT-0178,senior,remote_india,remote,8.1,agency
EXT-0179,senior,remote_india,remote,9.6,agency
EXT-0180,senior,remote_india,remote,9.7,direct
EXT-0181,senior,remote_india,remote,9.7,job_board
EXT-0182,senior,remote_india,remote,8.4,referral
EXT-0183,senior,remote_india,remote,11.7,agency
EXT-0184,senior,remote_india,remote,7.4,job_board
EXT-0185,senior,remote_india,remote,9.4,agency
EXT-0186,senior,remote_india,remote,10.3,agency
EXT-0187,senior,remote_india,remote,10.9,direct
EXT-0188,senior,remote_india,remote,10.2,job_board
EXT-0189,senior,remote_india,remote,10.9,job_board
EXT-0190,senior,remote_india,remote,9.0,referral
EXT-0191,senior,remote_india,remote,8.5,direct
EXT-0192,senior,remote_india,remote,7.4,direct
EXT-0193,senior,remote_india,remote,6.8,direct
EXT-0194,senior,remote_india,remote,11.1,job_board
EXT-0195,senior,remote_india,remote,11.1,referral
EXT-0196,senior,remote_india,remote,6.2,direct
EXT-0197,senior,remote_india,remote,8.5,job_board
EXT-0198,senior,remote_india,remote,7.9,referral
EXT-0199,senior,remote_india,remote,11.3,referral
EXT-0200,senior,remote_india,remote,9.9,job_board
EXT-0201,senior,remote_india,remote,6.4,agency
EXT-0202,senior,remote_india,remote,11.2,referral
EXT-0203,senior,remote_india,remote,7.2,job_board
EXT-0204,senior,remote_india,remote,9.7,job_board
EXT-0205,senior,remote_india,remote,8.6,direct
EXT-0206,senior,remote_india,remote,5.7,job_board
EXT-0207,senior,remote_india,remote,7.7,agency
EXT-0208,senior,remote_india,remote,9.4,agency
EXT-0209,senior,remote_india,remote,9.2,job_board
EXT-0210,senior,remote_india,remote,5.3,job_board
EXT-0211,senior,remote_india,remote,7.0,agency
EXT-0212,senior,remote_india,remote,10.7,direct
EXT-0213,senior,remote_india,remote,6.9,direct
EXT-0214,senior,remote_india,remote,6.5,referral
EXT-0215,senior,remote_india,remote,10.7,referral
EXT-0216,senior,remote_india,remote,10.2,job_board
EXT-0217,senior,remote_india,remote,5.9,referral
EXT-0218,senior,remote_india,remote,5.8,agency
EXT-0219,senior,remote_india,remote,6.1,job_board
EXT-0220,senior,remote_india,remote,6.6,referral
EXT-0221,senior,remote_india,remote,6.0,job_board
EXT-0222,senior,remote_india,remote,7.9,job_board
EXT-0223,senior,remote_india,remote,11.8,direct
EXT-0224,senior,remote_india,remote,9.7,job_board
EXT-0225,senior,remote_india,remote,12.0,direct
EXT-0226,senior,remote_india,remote,9.1,referral
EXT-0227,senior,remote_india,remote,9.7,agency
EXT-0228,senior,remote_india,remote,10.7,agency
EXT-0229,senior,remote_india,remote,11.7,agency
EXT-0230,senior,remote_india,remote,7.4,direct
EXT-0231,senior,remote_india,remote,10.6,agency
EXT-0232,senior,remote_india,remote,7.0,job_board
EXT-0233,senior,remote_india,remote,10.7,direct
EXT-0234,senior,remote_india,remote,9.3,agency
EXT-0235,senior,remote_india,remote,5.4,job_board
EXT-0236,senior,remote_india,remote,8.3,agency
EXT-0237,senior,remote_india,remote,10.2,job_board
EXT-0238,senior,remote_india,remote,5.8,referral
EXT-0239,senior,remote_india,remote,10.3,agency
EXT-0240,senior,remote_india,remote,7.3,referral
EXT-0241,senior,remote_india,remote,7.2,direct
EXT-0242,senior,remote_india,remote,10.5,referral
EXT-0243,senior,remote_india,remote,9.9,agency
EXT-0244,senior,remote_india,remote,8.1,referral
EXT-0245,senior,remote_india,remote,9.5,job_board
EXT-0246,senior,remote_india,remote,9.3,job_board
EXT-0247,senior,remote_india,remote,8.1,direct
EXT-0248,senior,remote_india,remote,8.1,agency
EXT-0249,senior,remote_india,remote,10.7,agency
EXT-0250,senior,remote_india,remote,6.9,job_board
EXT-0251,senior,remote_india,remote,7.2,agency
EXT-0252,senior,remote_india,remote,8.3,agency
EXT-0253,senior,remote_india,remote,6.2,referral
EXT-0254,senior,remote_india,remote,6.3,job_board
EXT-0255,senior,remote_india,remote,6.9,direct
EXT-0256,senior,remote_india,remote,5.9,direct
EXT-0257,senior,remote_india,remote,10.9,agency
EXT-0258,senior,remote_india,remote,5.4,referral
EXT-0259,senior,remote_india,remote,7.5,direct
EXT-0260,senior,remote_india,remote,11.9,job_board
EXT-0261,senior,remote_india,remote,11.9,direct
EXT-0262,senior,remote_india,remote,7.6,direct
EXT-0263,senior,remote_india,remote,8.4,referral
EXT-0264,senior,remote_india,remote,6.4,direct
EXT-0265,senior,remote_india,remote,7.7,direct
EXT-0266,senior,remote_india,remote,10.3,referral
EXT-0267,senior,remote_india,remote,7.5,job_board
EXT-0268,senior,remote_india,remote,10.2,referral
EXT-0269,senior,remote_india,remote,10.3,agency
EXT-0270,senior,remote_india,remote,6.4,referral
EXT-0271,senior,remote_india,remote,5.9,job_board
EXT-0272,senior,remote_india,remote,8.9,direct
EXT-0273,senior,remote_india,remote,8.9,agency
EXT-0274,senior,remote_india,remote,7.2,referral
EXT-0275,senior,remote_india,remote,6.6,referral
EXT-0276,senior,remote_india,remote,9.2,job_board
EXT-0277,senior,remote_india,remote,5.7,referral
EXT-0278,senior,remote_india,remote,9.4,job_board
EXT-0279,senior,remote_india,remote,8.4,direct
EXT-0280,senior,remote_india,remote,8.4,job_board
EXT-0281,senior,remote_india,remote,12.0,referral
EXT-0282,senior,remote_india,remote,5.2,referral
EXT-0283,senior,remote_india,remote,5.4,referral
EXT-0284,senior,remote_india,remote,5.1,agency
EXT-0285,senior,remote_india,remote,10.9,referral
EXT-0286,senior,remote_india,remote,8.7,direct
EXT-0287,senior,remote_india,remote,10.6,direct
EXT-0288,senior,remote_india,remote,5.2,direct
EXT-0289,senior,remote_india,remote,7.5,referral
EXT-0290,senior,remote_india,remote,9.1,agency
EXT-0291,senior,remote_india,remote,11.2,referral
EXT-0292,senior,remote_india,remote,11.4,direct
EXT-0293,senior,remote_india,remote,6.4,direct
EXT-0294,senior,remote_india,remote,9.9,job_board
EXT-0295,senior,remote_india,remote,10.8,job_board
EXT-0296,senior,remote_india,remote,6.8,agency
EXT-0297,senior,remote_india,remote,6.6,referral
EXT-0298,senior,remote_india,remote,7.4,referral
EXT-0299,senior,remote_india,remote,10.8,agency
EXT-0300,senior,remote_india,remote,7.3,referral
EXT-0301,senior,remote_india,remote,5.3,job_board
EXT-0302,senior,remote_india,remote,8.9,direct
EXT-0303,senior,remote_india,remote,11.6,agency
EXT-0304,senior,remote_india,remote,10.5,referral
EXT-0305,senior,remote_india,remote,9.3,agency
EXT-0306,senior,remote_india,remote,8.9,referral
EXT-0307,senior,remote_india,remote,9.0,agency
EXT-0308,senior,remote_india,remote,9.9,job_board
EXT-0309,senior,remote_india,remote,9.3,agency
EXT-0310,senior,remote_india,remote,11.0,agency
EXT-0311,senior,remote_india,remote,8.5,direct
EXT-0312,senior,remote_india,remote,11.9,job_board
EXT-0313,senior,hyderabad,onsite,5.8,agency
EXT-0314,senior,hyderabad,onsite,8.4,referral
EXT-0315,senior,hyderabad,onsite,9.9,job_board
EXT-0316,senior,hyderabad,onsite,7.1,referral
EXT-0317,senior,hyderabad,onsite,11.0,job_board
EXT-0318,senior,hyderabad,onsite,10.6,agency
EXT-0319,senior,hyderabad,onsite,11.3,direct
EXT-0320,senior,hyderabad,onsite,6.0,job_board
EXT-0321,senior,hyderabad,onsite,6.8,agency
EXT-0322,senior,hyderabad,onsite,10.6,agency
EXT-0323,senior,hyderabad,onsite,10.6,referral
EXT-0324,senior,hyderabad,onsite,11.7,job_board
EXT-0325,senior,hyderabad,onsite,5.0,agency
EXT-0326,senior,hyderabad,onsite,9.3,job_board
EXT-0327,senior,hyderabad,onsite,8.2,referral
EXT-0328,senior,hyderabad,onsite,11.2,job_board
EXT-0329,senior,hyderabad,onsite,5.4,direct
EXT-0330,senior,hyderabad,onsite,10.7,direct
EXT-0331,senior,hyderabad,onsite,6.7,referral
EXT-0332,senior,hyderabad,onsite,7.2,agency
EXT-0333,senior,hyderabad,onsite,5.4,agency
EXT-0334,senior,hyderabad,onsite,6.7,referral
EXT-0335,senior,hyderabad,onsite,9.3,referral
EXT-0336,senior,hyderabad,onsite,5.4,job_board
EXT-0337,senior,hyderabad,onsite,9.3,agency
EXT-0338,senior,hyderabad,onsite,10.3,agency
EXT-0339,senior,hyderabad,onsite,6.7,agency
EXT-0340,senior,hyderabad,onsite,9.7,agency
EXT-0341,senior,hyderabad,onsite,11.0,agency
EXT-0342,senior,hyderabad,onsite,8.0,direct
EXT-0343,senior,hyderabad,onsite,9.0,agency
EXT-0344,senior,hyderabad,onsite,8.1,direct
EXT-0345,senior,hyderabad,onsite,10.0,job_board
EXT-0346,senior,hyderabad,onsite,5.6,direct
EXT-0347,senior,hyderabad,onsite,11.5,referral
EXT-0348,senior,hyderabad,onsite,6.7,agency
EXT-0349,senior,hyderabad,onsite,9.6,referral
EXT-0350,senior,hyderabad,onsite,10.7,referral
EXT-0351,senior,hyderabad,onsite,11.5,agency
EXT-0352,senior,hyderabad,onsite,7.4,direct
EXT-0353,senior,hyderabad,onsite,10.4,direct
EXT-0354,senior,hyderabad,onsite,5.1,job_board
EXT-0355,senior,hyderabad,onsite,10.6,agency
EXT-0356,senior,pune,onsite,9.8,agency
EXT-0357,senior,pune,onsite,11.5,referral
EXT-0358,senior,pune,onsite,8.1,direct
EXT-0359,senior,pune,onsite,11.7,direct
EXT-0360,senior,pune,onsite,7.7,referral
EXT-0361,senior,pune,onsite,5.2,referral
EXT-0362,senior,pune,onsite,7.6,agency
EXT-0363,senior,pune,onsite,5.0,referral
EXT-0364,senior,pune,onsite,10.0,direct
EXT-0365,senior,pune,onsite,6.0,referral
EXT-0366,senior,pune,onsite,6.3,referral
EXT-0367,senior,pune,onsite,7.6,direct
EXT-0368,senior,pune,onsite,8.3,agency
EXT-0369,senior,pune,onsite,11.1,job_board
EXT-0370,senior,pune,onsite,8.8,direct
EXT-0371,senior,pune,onsite,6.8,referral
EXT-0372,senior,pune,onsite,6.3,agency
EXT-0373,senior,pune,onsite,5.6,job_board
EXT-0374,senior,pune,onsite,11.9,job_board
EXT-0375,senior,pune,onsite,8.5,job_board
EXT-0376,senior,pune,onsite,6.4,direct
EXT-0377,senior,pune,onsite,8.5,job_board
EXT-0378,senior,pune,onsite,8.3,job_board
EXT-0379,senior,pune,onsite,8.2,job_board
EXT-0380,senior,pune,onsite,6.3,job_board
EXT-0381,senior,pune,onsite,11.5,job_board
EXT-0382,senior,pune,onsite,10.0,agency
EXT-0383,senior,pune,onsite,11.6,agency
EXT-0384,senior,pune,onsite,7.5,agency
EXT-0385,senior,pune,onsite,10.8,referral
EXT-0386,senior,pune,onsite,7.6,job_board
EXT-0387,senior,pune,onsite,11.7,referral
EXT-0388,senior,pune,onsite,9.9,agency
EXT-0389,senior,pune,onsite,7.0,agency
EXT-0390,senior,pune,onsite,5.2,agency
EXT-0391,senior,pune,onsite,6.9,referral
EXT-0392,junior,bengaluru,onsite,1.3,job_board
EXT-0393,junior,bengaluru,onsite,0.8,job_board
EXT-0394,junior,bengaluru,onsite,1.9,referral
EXT-0395,junior,bengaluru,onsite,0.6,agency
EXT-0396,junior,bengaluru,onsite,1.7,referral
EXT-0397,junior,bengaluru,onsite,1.9,referral
EXT-0398,junior,bengaluru,onsite,1.2,direct
EXT-0399,junior,bengaluru,onsite,1.3,job_board
EXT-0400,junior,bengaluru,onsite,1.1,job_board
EXT-0401,junior,bengaluru,onsite,1.2,direct
EXT-0402,junior,bengaluru,onsite,1.2,referral
EXT-0403,junior,bengaluru,onsite,0.8,referral
EXT-0404,junior,bengaluru,onsite,0.5,agency
EXT-0405,junior,bengaluru,onsite,0.9,agency
EXT-0406,junior,bengaluru,onsite,0.7,agency
EXT-0407,junior,bengaluru,onsite,0.6,referral
EXT-0408,junior,bengaluru,onsite,0.7,job_board
EXT-0409,junior,bengaluru,onsite,0.8,agency
EXT-0410,junior,bengaluru,onsite,1.4,job_board
EXT-0411,junior,bengaluru,onsite,0.8,direct
EXT-0412,junior,bengaluru,onsite,1.8,direct
EXT-0413,junior,bengaluru,onsite,1.7,direct
EXT-0414,junior,bengaluru,onsite,1.7,job_board
EXT-0415,junior,bengaluru,onsite,0.8,job_board
EXT-0416,junior,bengaluru,onsite,0.6,agency
EXT-0417,junior,bengaluru,onsite,1.9,referral
EXT-0418,junior,bengaluru,onsite,1.7,job_board
EXT-0419,junior,bengaluru,onsite,1.8,referral
EXT-0420,junior,bengaluru,onsite,1.9,agency
EXT-0421,junior,bengaluru,onsite,0.6,job_board
EXT-0422,junior,bengaluru,onsite,1.2,referral
EXT-0423,junior,bengaluru,onsite,1.4,agency
EXT-0424,junior,bengaluru,onsite,1.7,referral
EXT-0425,junior,bengaluru,onsite,1.8,agency
EXT-0426,junior,bengaluru,onsite,0.6,job_board
EXT-0427,junior,bengaluru,onsite,0.6,agency
EXT-0428,junior,bengaluru,onsite,0.7,job_board
EXT-0429,junior,bengaluru,onsite,1.9,direct
EXT-0430,junior,bengaluru,onsite,1.8,job_board
EXT-0431,junior,bengaluru,onsite,2.0,direct
EXT-0432,junior,bengaluru,onsite,1.3,job_board
EXT-0433,junior,bengaluru,onsite,0.8,direct
EXT-0434,junior,bengaluru,onsite,1.9,direct
EXT-0435,junior,bengaluru,onsite,1.6,job_board
EXT-0436,junior,bengaluru,onsite,0.8,referral
EXT-0437,junior,bengaluru,onsite,1.4,referral
EXT-0438,junior,bengaluru,onsite,1.6,job_board
EXT-0439,junior,bengaluru,onsite,0.5,direct
EXT-0440,junior,bengaluru,onsite,1.4,job_board
EXT-0441,junior,bengaluru,onsite,0.9,job_board
EXT-0442,junior,bengaluru,onsite,1.1,direct
EXT-0443,junior,bengaluru,onsite,1.0,job_board
EXT-0444,junior,bengaluru,onsite,1.2,direct
EXT-0445,junior,bengaluru,onsite,1.5,agency
EXT-0446,junior,bengaluru,onsite,1.1,referral
EXT-0447,junior,bengaluru,onsite,1.5,job_board
EXT-0448,junior,bengaluru,onsite,1.3,agency
EXT-0449,junior,bengaluru,onsite,1.7,direct
EXT-0450,junior,bengaluru,onsite,1.3,agency
EXT-0451,junior,bengaluru,onsite,0.5,agency
EXT-0452,junior,bengaluru,onsite,1.6,job_board
EXT-0453,junior,bengaluru,onsite,0.7,job_board
EXT-0454,junior,bengaluru,onsite,0.9,direct
EXT-0455,junior,bengaluru,onsite,1.6,agency
EXT-0456,junior,bengaluru,onsite,0.9,agency
EXT-0457,junior,bengaluru,onsite,1.5,job_board
EXT-0458,junior,bengaluru,onsite,2.0,direct
EXT-0459,junior,bengaluru,onsite,0.9,direct
EXT-0460,junior,bengaluru,onsite,0.9,job_board
EXT-0461,junior,bengaluru,onsite,1.7,referral
EXT-0462,junior,bengaluru,onsite,0.6,direct
EXT-0463,junior,bengaluru,onsite,0.8,agency
EXT-0464,junior,bengaluru,onsite,1.5,direct
EXT-0465,junior,bengaluru,onsite,1.8,direct
EXT-0466,junior,bengaluru,onsite,1.0,job_board
EXT-0467,junior,bengaluru,onsite,1.0,direct
EXT-0468,junior,bengaluru,onsite,1.0,direct
EXT-0469,junior,bengaluru,onsite,0.8,direct
EXT-0470,junior,bengaluru,onsite,1.0,referral
EXT-0471,junior,bengaluru,onsite,0.9,referral
EXT-0472,junior,bengaluru,onsite,0.5,job_board
EXT-0473,junior,bengaluru,onsite,1.0,job_board
EXT-0474,junior,bengaluru,onsite,0.7,agency
EXT-0475,junior,bengaluru,onsite,1.1,direct
EXT-0476,junior,bengaluru,onsite,0.6,agency
EXT-0477,junior,bengaluru,onsite,0.6,job_board
EXT-0478,junior,bengaluru,onsite,0.9,referral
EXT-0479,junior,bengaluru,onsite,1.8,direct
EXT-0480,junior,bengaluru,onsite,1.7,referral
EXT-0481,junior,bengaluru,onsite,1.0,job_board
EXT-0482,junior,bengaluru,onsite,0.8,agency
EXT-0483,junior,bengaluru,onsite,0.9,direct
EXT-0484,junior,bengaluru,onsite,1.9,job_board
EXT-0485,junior,bengaluru,onsite,0.7,job_board
EXT-0486,junior,bengaluru,onsite,0.9,direct
EXT-0487,junior,bengaluru,onsite,1.8,direct
EXT-0488,junior,bengaluru,onsite,2.0,referral
EXT-0489,junior,bengaluru,onsite,1.9,direct
EXT-0490,junior,bengaluru,onsite,1.5,referral
EXT-0491,junior,bengaluru,onsite,0.6,referral
EXT-0492,mid,bengaluru,onsite,4.6,job_board
EXT-0493,mid,bengaluru,onsite,2.1,referral
EXT-0494,mid,bengaluru,onsite,4.3,direct
EXT-0495,mid,bengaluru,onsite,3.2,direct
EXT-0496,mid,bengaluru,onsite,3.3,job_board
EXT-0497,mid,bengaluru,onsite,3.7,direct
EXT-0498,mid,bengaluru,onsite,3.2,agency
EXT-0499,mid,bengaluru,onsite,2.9,direct
EXT-0500,mid,bengaluru,onsite,4.5,agency
EXT-0501,mid,bengaluru,onsite,4.6,job_board
EXT-0502,mid,bengaluru,onsite,2.4,job_board
EXT-0503,mid,bengaluru,onsite,2.3,job_board
EXT-0504,mid,bengaluru,onsite,2.1,direct
EXT-0505,mid,bengaluru,onsite,4.0,agency
EXT-0506,mid,bengaluru,onsite,3.8,direct
EXT-0507,mid,bengaluru,onsite,3.8,job_board
EXT-0508,mid,bengaluru,onsite,5.0,referral
EXT-0509,mid,bengaluru,onsite,3.4,direct
EXT-0510,mid,bengaluru,onsite,4.4,direct
EXT-0511,mid,bengaluru,onsite,4.6,direct
EXT-0512,mid,bengaluru,onsite,4.8,agency
EXT-0513,mid,bengaluru,onsite,3.2,agency
EXT-0514,mid,bengaluru,onsite,4.1,referral
EXT-0515,mid,bengaluru,onsite,3.9,referral
EXT-0516,mid,bengaluru,onsite,2.2,job_board
EXT-0517,mid,bengaluru,onsite,4.1,direct
EXT-0518,mid,bengaluru,onsite,4.6,direct
EXT-0519,mid,bengaluru,onsite,3.5,job_board
EXT-0520,mid,bengaluru,onsite,3.9,direct
EXT-0521,mid,bengaluru,onsite,2.6,referral
EXT-0522,mid,bengaluru,onsite,3.0,direct
EXT-0523,mid,bengaluru,onsite,3.1,direct
EXT-0524,mid,bengaluru,onsite,2.7,direct
EXT-0525,mid,bengaluru,onsite,4.1,direct
EXT-0526,mid,bengaluru,onsite,3.5,agency
EXT-0527,mid,bengaluru,onsite,3.9,agency
EXT-0528,mid,bengaluru,onsite,3.8,direct
EXT-0529,mid,bengaluru,onsite,3.6,job_board
EXT-0530,mid,bengaluru,onsite,4.7,agency
EXT-0531,mid,bengaluru,onsite,4.5,job_board
EXT-0532,mid,bengaluru,onsite,3.6,direct
EXT-0533,mid,bengaluru,onsite,4.8,job_board
EXT-0534,mid,bengaluru,onsite,3.5,referral
EXT-0535,mid,bengaluru,onsite,2.7,agency
EXT-0536,mid,bengaluru,onsite,3.7,referral
EXT-0537,mid,bengaluru,onsite,4.8,referral
EXT-0538,mid,bengaluru,onsite,4.1,agency
EXT-0539,mid,bengaluru,onsite,4.5,direct
EXT-0540,mid,bengaluru,onsite,4.5,referral
EXT-0541,mid,bengaluru,onsite,4.8,job_board
EXT-0542,mid,bengaluru,onsite,3.9,direct
EXT-0543,mid,bengaluru,onsite,3.3,job_board
EXT-0544,mid,bengaluru,onsite,2.9,agency
EXT-0545,mid,bengaluru,onsite,2.2,direct
EXT-0546,mid,bengaluru,onsite,3.7,direct
EXT-0547,mid,bengaluru,onsite,3.5,agency
EXT-0548,mid,bengaluru,onsite,2.2,referral
EXT-0549,mid,bengaluru,onsite,2.9,referral
EXT-0550,mid,bengaluru,onsite,2.4,agency
EXT-0551,mid,bengaluru,onsite,2.5,job_board
EXT-0552,lead,bengaluru,onsite,12.7,referral
EXT-0553,lead,bengaluru,onsite,14.3,direct
EXT-0554,lead,bengaluru,onsite,12.7,job_board
EXT-0555,lead,bengaluru,onsite,11.2,job_board
EXT-0556,lead,bengaluru,onsite,8.5,agency
EXT-0557,lead,bengaluru,onsite,10.6,referral
EXT-0558,lead,bengaluru,onsite,8.7,referral
EXT-0559,lead,bengaluru,onsite,13.6,job_board
EXT-0560,lead,bengaluru,onsite,13.0,direct
EXT-0561,lead,bengaluru,onsite,10.1,referral
EXT-0562,lead,bengaluru,onsite,8.4,referral
EXT-0563,lead,bengaluru,onsite,11.0,direct
EXT-0564,lead,bengaluru,onsite,8.3,direct
EXT-0565,lead,bengaluru,onsite,14.1,agency
EXT-0566,lead,bengaluru,onsite,9.2,direct
EXT-0567,junior,remote_india,remote,1.3,agency
EXT-0568,junior,remote_india,remote,2.0,direct
EXT-0569,junior,remote_india,remote,1.6,direct
EXT-0570,junior,remote_india,remote,0.9,referral
EXT-0571,junior,remote_india,remote,0.6,referral
EXT-0572,junior,remote_india,remote,0.6,agency
EXT-0573,junior,remote_india,remote,1.2,agency
EXT-0574,junior,remote_india,remote,0.9,referral
EXT-0575,junior,remote_india,remote,1.5,direct
EXT-0576,junior,remote_india,remote,1.8,direct
EXT-0577,junior,remote_india,remote,1.9,job_board
EXT-0578,junior,remote_india,remote,1.4,referral
EXT-0579,junior,remote_india,remote,1.9,job_board
EXT-0580,junior,remote_india,remote,1.0,direct
EXT-0581,junior,remote_india,remote,1.5,direct
EXT-0582,junior,remote_india,remote,1.5,agency
EXT-0583,junior,remote_india,remote,1.3,agency
EXT-0584,junior,remote_india,remote,1.0,referral
EXT-0585,junior,remote_india,remote,1.1,job_board
EXT-0586,junior,remote_india,remote,0.9,job_board
EXT-0587,junior,remote_india,remote,1.0,job_board
EXT-0588,junior,remote_india,remote,1.9,job_board
EXT-0589,junior,remote_india,remote,1.7,job_board
EXT-0590,junior,remote_india,remote,1.7,job_board
EXT-0591,junior,remote_india,remote,1.4,job_board
EXT-0592,junior,remote_india,remote,0.8,job_board
EXT-0593,junior,remote_india,remote,1.6,job_board
EXT-0594,junior,remote_india,remote,1.3,direct
EXT-0595,junior,remote_india,remote,0.8,agency
EXT-0596,junior,remote_india,remote,1.0,agency
EXT-0597,junior,remote_india,remote,1.6,referral
EXT-0598,junior,remote_india,remote,1.9,referral
EXT-0599,junior,remote_india,remote,0.7,direct
EXT-0600,junior,remote_india,remote,1.7,job_board
EXT-0601,junior,remote_india,remote,0.8,agency
EXT-0602,junior,remote_india,remote,1.1,referral
EXT-0603,junior,remote_india,remote,1.8,referral
EXT-0604,junior,remote_india,remote,0.5,job_board
EXT-0605,junior,remote_india,remote,1.2,direct
EXT-0606,junior,remote_india,remote,1.5,referral
EXT-0607,junior,remote_india,remote,0.8,job_board
EXT-0608,junior,remote_india,remote,1.3,referral
EXT-0609,junior,remote_india,remote,1.0,referral
EXT-0610,junior,remote_india,remote,1.7,referral
EXT-0611,junior,remote_india,remote,1.2,direct
EXT-0612,junior,remote_india,remote,1.1,referral
EXT-0613,junior,remote_india,remote,1.8,referral
EXT-0614,junior,remote_india,remote,1.6,direct
EXT-0615,junior,remote_india,remote,1.5,job_board
EXT-0616,junior,remote_india,remote,1.7,job_board
EXT-0617,mid,remote_india,remote,2.5,referral
EXT-0618,mid,remote_india,remote,2.4,agency
EXT-0619,mid,remote_india,remote,4.7,referral
EXT-0620,mid,remote_india,remote,3.6,job_board
EXT-0621,mid,remote_india,remote,3.1,agency
EXT-0622,mid,remote_india,remote,3.6,job_board
EXT-0623,mid,remote_india,remote,2.9,direct
EXT-0624,mid,remote_india,remote,4.5,job_board
EXT-0625,mid,remote_india,remote,3.2,direct
EXT-0626,mid,remote_india,remote,4.1,direct
EXT-0627,mid,remote_india,remote,2.3,agency
EXT-0628,mid,remote_india,remote,3.0,referral
EXT-0629,mid,remote_india,remote,4.0,direct
EXT-0630,mid,remote_india,remote,3.9,agency
EXT-0631,mid,remote_india,remote,2.1,agency
EXT-0632,mid,remote_india,remote,2.7,job_board
EXT-0633,mid,remote_india,remote,4.8,direct
EXT-0634,mid,remote_india,remote,4.6,agency
EXT-0635,mid,remote_india,remote,3.6,direct
EXT-0636,mid,remote_india,remote,4.6,direct
EXT-0637,mid,remote_india,remote,3.4,agency
EXT-0638,mid,remote_india,remote,4.7,direct
EXT-0639,mid,remote_india,remote,4.2,direct
EXT-0640,mid,remote_india,remote,3.6,direct
EXT-0641,mid,remote_india,remote,2.5,direct
EXT-0642,mid,remote_india,remote,4.4,referral
EXT-0643,mid,remote_india,remote,3.4,direct
EXT-0644,mid,remote_india,remote,2.8,direct
EXT-0645,mid,remote_india,remote,5.0,agency
EXT-0646,mid,remote_india,remote,2.8,referral
EXT-0647,mid,remote_india,remote,4.1,agency
EXT-0648,mid,remote_india,remote,2.9,direct
EXT-0649,mid,remote_india,remote,3.8,referral
EXT-0650,mid,remote_india,remote,4.4,direct
EXT-0651,mid,remote_india,remote,3.6,direct
EXT-0652,mid,remote_india,remote,2.2,job_board
EXT-0653,mid,remote_india,remote,2.9,direct
EXT-0654,mid,remote_india,remote,4.4,agency
EXT-0655,mid,remote_india,remote,2.5,direct
EXT-0656,mid,remote_india,remote,2.9,direct
EXT-0657,junior,hyderabad,onsite,1.5,referral
EXT-0658,junior,hyderabad,onsite,1.5,direct
EXT-0659,junior,hyderabad,onsite,1.1,job_board
EXT-0660,junior,hyderabad,onsite,1.0,agency
EXT-0661,junior,hyderabad,onsite,1.5,referral
EXT-0662,junior,hyderabad,onsite,1.7,referral
EXT-0663,junior,hyderabad,onsite,1.6,job_board
EXT-0664,junior,hyderabad,onsite,1.7,direct
EXT-0665,junior,hyderabad,onsite,1.2,agency
EXT-0666,junior,hyderabad,onsite,1.4,agency
EXT-0667,junior,hyderabad,onsite,1.2,job_board
EXT-0668,junior,hyderabad,onsite,0.5,job_board
EXT-0669,junior,hyderabad,onsite,2.0,agency
EXT-0670,junior,hyderabad,onsite,0.7,direct
EXT-0671,junior,hyderabad,onsite,0.9,agency
EXT-0672,junior,hyderabad,onsite,1.1,agency
EXT-0673,junior,hyderabad,onsite,1.8,direct
EXT-0674,junior,hyderabad,onsite,1.5,agency
EXT-0675,junior,hyderabad,onsite,0.8,referral
EXT-0676,junior,hyderabad,onsite,0.6,referral
EXT-0677,junior,hyderabad,onsite,1.4,direct
EXT-0678,junior,hyderabad,onsite,0.6,agency
EXT-0679,junior,hyderabad,onsite,1.0,job_board
EXT-0680,junior,hyderabad,onsite,1.4,job_board
EXT-0681,junior,hyderabad,onsite,1.3,job_board
EXT-0682,junior,hyderabad,onsite,1.1,agency
EXT-0683,junior,hyderabad,onsite,1.1,agency
EXT-0684,junior,hyderabad,onsite,0.6,job_board
EXT-0685,junior,hyderabad,onsite,0.9,job_board
EXT-0686,junior,hyderabad,onsite,0.9,referral
EXT-0687,mid,hyderabad,onsite,4.0,direct
EXT-0688,mid,hyderabad,onsite,4.2,job_board
EXT-0689,mid,hyderabad,onsite,2.0,job_board
EXT-0690,mid,hyderabad,onsite,3.7,referral
EXT-0691,mid,hyderabad,onsite,3.3,referral
EXT-0692,mid,hyderabad,onsite,3.6,referral
EXT-0693,mid,hyderabad,onsite,4.5,direct
EXT-0694,mid,hyderabad,onsite,3.2,referral
EXT-0695,mid,hyderabad,onsite,2.4,job_board
EXT-0696,mid,hyderabad,onsite,3.8,agency
EXT-0697,mid,hyderabad,onsite,3.3,job_board
EXT-0698,mid,hyderabad,onsite,2.3,agency
EXT-0699,mid,hyderabad,onsite,4.5,referral
EXT-0700,mid,hyderabad,onsite,3.9,job_board
EXT-0701,mid,hyderabad,onsite,4.8,job_board
EXT-0702,mid,hyderabad,onsite,3.1,referral
EXT-0703,mid,hyderabad,onsite,4.1,job_board
EXT-0704,mid,hyderabad,onsite,2.7,direct
EXT-0705,mid,hyderabad,onsite,2.2,direct
EXT-0706,mid,hyderabad,onsite,3.7,agency
EXT-0707,mid,hyderabad,onsite,5.0,agency
EXT-0708,mid,hyderabad,onsite,2.6,agency
EXT-0709,mid,hyderabad,onsite,4.5,direct
EXT-0710,mid,hyderabad,onsite,4.5,job_board
EXT-0711,mid,hyderabad,onsite,3.1,job_board
EXT-0712,junior,pune,onsite,0.9,referral
EXT-0713,junior,pune,onsite,1.1,referral
EXT-0714,junior,pune,onsite,1.2,referral
EXT-0715,junior,pune,onsite,1.5,referral
EXT-0716,junior,pune,onsite,1.3,agency
EXT-0717,junior,pune,onsite,1.0,agency
EXT-0718,junior,pune,onsite,2.0,referral
EXT-0719,junior,pune,onsite,1.8,direct
EXT-0720,junior,pune,onsite,0.7,agency
EXT-0721,junior,pune,onsite,0.7,agency
EXT-0722,junior,pune,onsite,0.8,job_board
EXT-0723,junior,pune,onsite,1.9,direct
EXT-0724,junior,pune,onsite,0.5,referral
EXT-0725,junior,pune,onsite,1.5,agency
EXT-0726,junior,pune,onsite,1.7,referral
EXT-0727,junior,pune,onsite,1.2,referral
EXT-0728,junior,pune,onsite,1.0,agency
EXT-0729,junior,pune,onsite,1.2,direct
EXT-0730,junior,pune,onsite,0.9,agency
EXT-0731,junior,pune,onsite,1.3,direct
EXT-0732,junior,pune,onsite,1.6,direct
EXT-0733,junior,pune,onsite,1.9,direct
EXT-0734,junior,pune,onsite,1.7,referral
EXT-0735,junior,pune,onsite,1.6,agency
EXT-0736,junior,pune,onsite,1.5,referral
EXT-0737,mid,pune,onsite,4.5,direct
EXT-0738,mid,pune,onsite,3.8,direct
EXT-0739,mid,pune,onsite,3.7,direct
EXT-0740,mid,pune,onsite,4.0,agency
EXT-0741,mid,pune,onsite,2.7,job_board
EXT-0742,mid,pune,onsite,2.1,job_board
EXT-0743,mid,pune,onsite,2.5,referral
EXT-0744,mid,pune,onsite,2.7,job_board
EXT-0745,mid,pune,onsite,2.7,agency
EXT-0746,mid,pune,onsite,3.1,referral
EXT-0747,mid,pune,onsite,4.1,referral
EXT-0748,mid,pune,onsite,3.8,referral
EXT-0749,mid,pune,onsite,4.5,agency
EXT-0750,mid,pune,onsite,3.5,direct
EXT-0751,mid,pune,onsite,3.0,agency
EXT-0752,mid,pune,onsite,2.5,agency
EXT-0753,mid,pune,onsite,3.5,referral
EXT-0754,mid,pune,onsite,3.2,job_board
EXT-0755,mid,pune,onsite,3.9,agency
EXT-0756,mid,pune,onsite,3.7,job_board
