candidate_id,skill_id
EXT-0001,express
EXT-0001,git
EXT-0001,kafka
EXT-0001,kubernetes
EXT-0001,linux
EXT-0001,mongodb
EXT-0001,nodejs
EXT-0001,postgresql
EXT-0001,python
EXT-0001,react
EXT-0002,graphql
EXT-0002,kubernetes
EXT-0002,nodejs
EXT-0002,postgresql
EXT-0002,react
EXT-0002,redis
EXT-0002,vue
EXT-0003,azure
EXT-0003,ci_cd
EXT-0003,express
EXT-0003,java
EXT-0003,jest
EXT-0003,kafka
EXT-0003,kubernetes
EXT-0003,linux
EXT-0003,nodejs
EXT-0003,react
EXT-0003,typescript
EXT-0004,angular
EXT-0004,azure
EXT-0004,kubernetes
EXT-0004,nodejs
EXT-0004,python
EXT-0004,react
EXT-0005,angular
EXT-0005,aws
EXT-0005,azure
EXT-0005,git
EXT-0005,jest
EXT-0005,kubernetes
EXT-0005,nodejs
EXT-0005,python
EXT-0005,react
EXT-0005,system_design
EXT-0005,terraform
EXT-0006,gcp
EXT-0006,jest
EXT-0006,kubernetes
EXT-0006,microservices
EXT-0006,nodejs
EXT-0006,react
EXT-0007,docker
EXT-0007,graphql
EXT-0007,html_css
EXT-0007,javascript
EXT-0007,kubernetes
EXT-0007,microservices
EXT-0007,nodejs
EXT-0007,react
EXT-0007,redis
EXT-0007,rest_apis
EXT-0007,typescript
EXT-0008,angular
EXT-0008,gcp
EXT-0008,jest
EXT-0008,kubernetes
EXT-0008,nodejs
EXT-0008,react
EXT-0008,vue
EXT-0009,ci_cd
EXT-0009,gcp
EXT-0009,html_css
EXT-0009,javascript
EXT-0009,kubernetes
EXT-0009,linux
EXT-0009,nodejs
EXT-0009,react
EXT-0009,redis
EXT-0010,angular
EXT-0010,javascript
EXT-0010,kubernetes
EXT-0010,microservices
EXT-0010,nodejs
EXT-0010,react
EXT-0011,angular
EXT-0011,aws
EXT-0011,ci_cd
EXT-0011,gcp
EXT-0011,git
EXT-0011,graphql
EXT-0011,kafka
EXT-0011,kubernetes
EXT-0011,nodejs
EXT-0011,react
EXT-0012,aws
EXT-0012,azure
EXT-0012,ci_cd
EXT-0012,docker
EXT-0012,jest
EXT-0012,kubernetes
EXT-0012,nodejs
EXT-0012,react
EXT-0012,rest_apis
EXT-0013,azure
EXT-0013,git
EXT-0013,javascript
EXT-0013,kubernetes
EXT-0013,nodejs
EXT-0013,react
EXT-0013,terraform
EXT-0014,jest
EXT-0014,kubernetes
EXT-0014,nodejs
EXT-0014,python
EXT-0014,react
EXT-0014,sql
EXT-0015,aws
EXT-0015,mongodb
EXT-0015,nodejs
EXT-0015,react
EXT-0015,redis
EXT-0016,aws
EXT-0016,azure
EXT-0016,ci_cd
EXT-0016,express
EXT-0016,gcp
EXT-0016,nodejs
EXT-0016,python
EXT-0016,react
EXT-0016,typescript
EXT-0016,vue
EXT-0017,azure
EXT-0017,microservices
EXT-0017,nodejs
EXT-0017,react
EXT-0017,typescript
EXT-0018,gcp
EXT-0018,graphql
EXT-0018,html_css
EXT-0018,linux
EXT-0018,mongodb
EXT-0018,nodejs
EXT-0018,react
EXT-0018,rest_apis
EXT-0019,kafka
EXT-0019,nodejs
EXT-0019,react
EXT-0019,terraform
EXT-0019,typescript
EXT-0019,vue
EXT-0020,docker
EXT-0020,express
EXT-0020,git
EXT-0020,html_css
EXT-0020,java
EXT-0020,nodejs
EXT-0020,react
EXT-0020,sql
EXT-0020,system_design
EXT-0020,vue
EXT-0021,angular
EXT-0021,express
EXT-0021,microservices
EXT-0021,mongodb
EXT-0021,nodejs
EXT-0021,react
EXT-0021,redis
EXT-0021,sql
EXT-0021,system_design
EXT-0022,angular
EXT-0022,html_css
EXT-0022,microservices
EXT-0022,nodejs
EXT-0022,react
EXT-0022,terraform
EXT-0022,typescript
EXT-0023,angular
EXT-0023,html_css
EXT-0023,nodejs
EXT-0023,postgresql
EXT-0023,react
EXT-0023,rest_apis
EXT-0023,sql
EXT-0023,typescript
EXT-0023,vue
EXT-0024,azure
EXT-0024,docker
EXT-0024,jest
EXT-0024,mongodb
EXT-0024,nodejs
EXT-0024,react
EXT-0025,angular
EXT-0025,java
EXT-0025,jest
EXT-0025,linux
EXT-0025,nodejs
EXT-0025,python
EXT-0025,react
EXT-0025,sql
EXT-0026,angular
EXT-0026,jest
EXT-0026,mongodb
EXT-0026,nodejs
EXT-0026,postgresql
EXT-0026,react
EXT-0026,system_design
EXT-0027,html_css
EXT-0027,java
EXT-0027,nodejs
EXT-0027,react
EXT-0027,sql
EXT-0027,typescript
EXT-0028,java
EXT-0028,javascript
EXT-0028,linux
EXT-0028,nodejs
EXT-0028,react
EXT-0028,vue
EXT-0029,azure
EXT-0029,git
EXT-0029,nodejs
EXT-0029,react
EXT-0029,rest_apis
EXT-0030,azure
EXT-0030,graphql
EXT-0030,linux
EXT-0030,nodejs
EXT-0030,react
EXT-0030,redis
EXT-0030,system_design
EXT-0031,aws
EXT-0031,express
EXT-0031,git
EXT-0031,nodejs
EXT-0031,react
EXT-0031,rest_apis
EXT-0031,system_design
EXT-0031,vue
EXT-0032,angular
EXT-0032,html_css
EXT-0032,kafka
EXT-0032,microservices
EXT-0032,mongodb
EXT-0032,nodejs
EXT-0032,react
EXT-0032,redis
EXT-0032,typescript
EXT-0033,ci_cd
EXT-0033,express
EXT-0033,gcp
EXT-0033,html_css
EXT-0033,microservices
EXT-0033,mongodb
EXT-0033,nodejs
EXT-0033,react
EXT-0033,sql
EXT-0034,javascript
EXT-0034,mongodb
EXT-0034,nodejs
EXT-0034,react
EXT-0034,redis
EXT-0035,azure
EXT-0035,git
EXT-0035,javascript
EXT-0035,microservices
EXT-0035,nodejs
EXT-0035,react
EXT-0035,terraform
EXT-0035,typescript
EXT-0035,vue
EXT-0036,docker
EXT-0036,html_css
EXT-0036,kafka
EXT-0036,linux
EXT-0036,mongodb
EXT-0036,nodejs
EXT-0036,react
EXT-0036,system_design
EXT-0036,typescript
EXT-0037,docker
EXT-0037,git
EXT-0037,graphql
EXT-0037,kafka
EXT-0037,nodejs
EXT-0037,python
EXT-0037,react
EXT-0037,redis
EXT-0037,rest_apis
EXT-0038,express
EXT-0038,gcp
EXT-0038,javascript
EXT-0038,nextjs
EXT-0038,nodejs
EXT-0038,postgresql
EXT-0038,react
EXT-0038,system_design
EXT-0038,typescript
EXT-0039,aws
EXT-0039,docker
EXT-0039,mongodb
EXT-0039,nextjs
EXT-0039,nodejs
EXT-0039,react
EXT-0040,gcp
EXT-0040,git
EXT-0040,graphql
EXT-0040,linux
EXT-0040,nodejs
EXT-0040,react
EXT-0041,angular
EXT-0041,jest
EXT-0041,nodejs
EXT-0041,react
EXT-0041,redis
EXT-0041,rest_apis
EXT-0041,system_design
EXT-0041,vue
EXT-0042,git
EXT-0042,jest
EXT-0042,nodejs
EXT-0042,react
EXT-0042,sql
EXT-0043,jest
EXT-0043,kafka
EXT-0043,linux
EXT-0043,nextjs
EXT-0043,nodejs
EXT-0043,react
EXT-0043,rest_apis
EXT-0043,terraform
EXT-0043,vue
EXT-0044,azure
EXT-0044,docker
EXT-0044,java
EXT-0044,mongodb
EXT-0044,nextjs
EXT-0044,nodejs
EXT-0044,python
EXT-0044,react
EXT-0044,system_design
EXT-0044,terraform
EXT-0045,graphql
EXT-0045,kafka
EXT-0045,nodejs
EXT-0045,python
EXT-0045,react
EXT-0045,typescript
EXT-0046,java
EXT-0046,javascript
EXT-0046,jest
EXT-0046,nodejs
EXT-0046,react
EXT-0046,sql
EXT-0046,system_design
EXT-0046,typescript
EXT-0046,vue
EXT-0047,javascript
EXT-0047,nextjs
EXT-0047,nodejs
EXT-0047,postgresql
EXT-0047,react
EXT-0047,sql
EXT-0047,vue
EXT-0048,html_css
EXT-0048,kafka
EXT-0048,linux
EXT-0048,microservices
EXT-0049,angular
EXT-0049,aws
EXT-0049,azure
EXT-0049,gcp
EXT-0049,git
EXT-0049,kubernetes
EXT-0049,postgresql
EXT-0050,docker
EXT-0050,express
EXT-0050,java
EXT-0050,javascript
EXT-0050,mongodb
EXT-0051,java
EXT-0051,jest
EXT-0051,python
EXT-0051,rest_apis
EXT-0051,sql
EXT-0051,terraform
EXT-0051,vue
EXT-0052,angular
EXT-0052,aws
EXT-0052,graphql
EXT-0052,mongodb
EXT-0052,python
EXT-0052,rest_apis
EXT-0052,terraform
EXT-0053,ci_cd
EXT-0053,microservices
EXT-0053,python
EXT-0053,system_design
EXT-0054,azure
EXT-0054,ci_cd
EXT-0054,kubernetes
EXT-0055,docker
EXT-0055,graphql
EXT-0055,javascript
EXT-0055,kubernetes
EXT-0055,postgresql
EXT-0055,system_design
EXT-0056,angular
EXT-0056,aws
EXT-0056,azure
EXT-0056,gcp
EXT-0056,git
EXT-0056,java
EXT-0056,typescript
EXT-0056,vue
EXT-0057,graphql
EXT-0057,linux
EXT-0057,vue
EXT-0058,aws
EXT-0058,docker
EXT-0058,linux
EXT-0058,microservices
EXT-0058,python
EXT-0058,system_design
EXT-0059,gcp
EXT-0059,git
EXT-0059,microservices
EXT-0059,mongodb
EXT-0059,redis
EXT-0059,sql
EXT-0059,system_design
EXT-0060,docker
EXT-0060,express
EXT-0060,gcp
EXT-0060,java
EXT-0060,linux
EXT-0060,rest_apis
EXT-0061,aws
EXT-0061,html_css
EXT-0061,jest
EXT-0061,rest_apis
EXT-0061,sql
EXT-0062,html_css
EXT-0062,linux
EXT-0062,mongodb
EXT-0062,rest_apis
EXT-0063,javascript
EXT-0063,kafka
EXT-0063,kubernetes
EXT-0063,nextjs
EXT-0063,nodejs
EXT-0063,postgresql
EXT-0063,react
EXT-0064,azure
EXT-0064,javascript
EXT-0064,kubernetes
EXT-0064,nodejs
EXT-0064,react
EXT-0064,rest_apis
EXT-0065,graphql
EXT-0065,kubernetes
EXT-0065,nodejs
EXT-0065,postgresql
EXT-0065,react
EXT-0065,redis
EXT-0065,system_design
EXT-0065,vue
EXT-0066,jest
EXT-0066,kubernetes
EXT-0066,linux
EXT-0066,nodejs
EXT-0066,postgresql
EXT-0066,react
EXT-0067,azure
EXT-0067,ci_cd
EXT-0067,kafka
EXT-0067,kubernetes
EXT-0067,nextjs
EXT-0067,nodejs
EXT-0067,react
EXT-0067,redis
EXT-0067,system_design
EXT-0067,typescript
EXT-0068,ci_cd
EXT-0068,gcp
EXT-0068,java
EXT-0068,kubernetes
EXT-0068,nodejs
EXT-0068,postgresql
EXT-0068,react
EXT-0068,sql
EXT-0068,terraform
EXT-0068,vue
EXT-0069,angular
EXT-0069,ci_cd
EXT-0069,docker
EXT-0069,express
EXT-0069,gcp
EXT-0069,graphql
EXT-0069,kubernetes
EXT-0069,nodejs
EXT-0069,python
EXT-0069,react
EXT-0069,sql
EXT-0070,docker
EXT-0070,kubernetes
EXT-0070,nodejs
EXT-0070,react
EXT-0070,sql
EXT-0070,terraform
EXT-0070,typescript
EXT-0071,angular
EXT-0071,ci_cd
EXT-0071,docker
EXT-0071,kubernetes
EXT-0071,nodejs
EXT-0071,react
EXT-0072,express
EXT-0072,html_css
EXT-0072,jest
EXT-0072,kubernetes
EXT-0072,microservices
EXT-0072,mongodb
EXT-0072,nodejs
EXT-0072,react
EXT-0072,rest_apis
EXT-0073,kubernetes
EXT-0073,nodejs
EXT-0073,react
EXT-0073,redis
EXT-0073,system_design
EXT-0073,typescript
EXT-0074,java
EXT-0074,kubernetes
EXT-0074,linux
EXT-0074,nodejs
EXT-0074,postgresql
EXT-0074,react
EXT-0074,system_design
EXT-0075,gcp
EXT-0075,html_css
EXT-0075,java
EXT-0075,javascript
EXT-0075,kubernetes
EXT-0075,nextjs
EXT-0075,nodejs
EXT-0075,react
EXT-0075,rest_apis
EXT-0075,sql
EXT-0075,typescript
EXT-0076,azure
EXT-0076,docker
EXT-0076,html_css
EXT-0076,jest
EXT-0076,kubernetes
EXT-0076,mongodb
EXT-0076,nodejs
EXT-0076,react
EXT-0076,sql
EXT-0077,angular
EXT-0077,gcp
EXT-0077,graphql
EXT-0077,kubernetes
EXT-0077,mongodb
EXT-0077,nextjs
EXT-0077,nodejs
EXT-0077,react
EXT-0077,redis
EXT-0077,terraform
EXT-0078,aws
EXT-0078,ci_cd
EXT-0078,java
EXT-0078,jest
EXT-0078,kubernetes
EXT-0078,nodejs
EXT-0078,react
EXT-0078,rest_apis
EXT-0078,vue
EXT-0079,angular
EXT-0079,ci_cd
EXT-0079,docker
EXT-0079,graphql
EXT-0079,java
EXT-0079,kubernetes
EXT-0079,nodejs
EXT-0079,react
EXT-0079,rest_apis
EXT-0080,angular
EXT-0080,git
EXT-0080,html_css
EXT-0080,kubernetes
EXT-0080,nodejs
EXT-0080,react
EXT-0080,rest_apis
EXT-0080,vue
EXT-0081,ci_cd
EXT-0081,kafka
EXT-0081,kubernetes
EXT-0081,linux
EXT-0081,mongodb
EXT-0081,nodejs
EXT-0081,postgresql
EXT-0081,react
EXT-0081,sql
EXT-0082,html_css
EXT-0082,javascript
EXT-0082,kubernetes
EXT-0082,mongodb
EXT-0082,nodejs
EXT-0082,postgresql
EXT-0082,react
EXT-0083,azure
EXT-0083,javascript
EXT-0083,kubernetes
EXT-0083,nextjs
EXT-0083,nodejs
EXT-0083,react
EXT-0084,azure
EXT-0084,express
EXT-0084,java
EXT-0084,javascript
EXT-0084,kubernetes
EXT-0084,microservices
EXT-0084,mongodb
EXT-0084,nextjs
EXT-0084,nodejs
EXT-0084,react
EXT-0084,vue
EXT-0085,gcp
EXT-0085,java
EXT-0085,jest
EXT-0085,kubernetes
EXT-0085,nodejs
EXT-0085,react
EXT-0085,redis
EXT-0085,system_design
EXT-0086,angular
EXT-0086,kubernetes
EXT-0086,nextjs
EXT-0086,nodejs
EXT-0086,react
EXT-0086,redis
EXT-0086,sql
EXT-0087,aws
EXT-0087,ci_cd
EXT-0087,express
EXT-0087,gcp
EXT-0087,javascript
EXT-0087,jest
EXT-0087,kubernetes
EXT-0087,nodejs
EXT-0087,react
EXT-0087,terraform
EXT-0087,typescript
EXT-0088,docker
EXT-0088,git
EXT-0088,javascript
EXT-0088,kubernetes
EXT-0088,nodejs
EXT-0088,react
EXT-0088,rest_apis
EXT-0089,gcp
EXT-0089,jest
EXT-0089,kafka
EXT-0089,kubernetes
EXT-0089,nodejs
EXT-0089,react
EXT-0090,express
EXT-0090,kubernetes
EXT-0090,nextjs
EXT-0090,nodejs
EXT-0090,python
EXT-0090,react
EXT-0090,vue
EXT-0091,aws
EXT-0091,ci_cd
EXT-0091,docker
EXT-0091,kubernetes
EXT-0091,linux
EXT-0091,nodejs
EXT-0091,python
EXT-0091,react
EXT-0091,system_design
EXT-0091,terraform
EXT-0092,angular
EXT-0092,aws
EXT-0092,git
EXT-0092,jest
EXT-0092,kubernetes
EXT-0092,nodejs
EXT-0092,postgresql
EXT-0092,react
EXT-0092,sql
EXT-0092,terraform
EXT-0092,typescript
EXT-0093,express
EXT-0093,gcp
EXT-0093,git
EXT-0093,kafka
EXT-0093,kubernetes
EXT-0093,linux
EXT-0093,microservices
EXT-0093,nodejs
EXT-0093,react
EXT-0093,redis
EXT-0093,vue
EXT-0094,jest
EXT-0094,kubernetes
EXT-0094,nodejs
EXT-0094,postgresql
EXT-0094,react
EXT-0094,rest_apis
EXT-0095,graphql
EXT-0095,java
EXT-0095,javascript
EXT-0095,kubernetes
EXT-0095,nodejs
EXT-0095,react
EXT-0095,sql
EXT-0095,terraform
EXT-0095,vue
EXT-0096,ci_cd
EXT-0096,kubernetes
EXT-0096,nodejs
EXT-0096,react
EXT-0096,rest_apis
EXT-0096,sql
EXT-0096,typescript
EXT-0097,aws
EXT-0097,ci_cd
EXT-0097,jest
EXT-0097,kubernetes
EXT-0097,nodejs
EXT-0097,react
EXT-0097,typescript
EXT-0097,vue
EXT-0098,gcp
EXT-0098,html_css
EXT-0098,javascript
EXT-0098,kubernetes
EXT-0098,nodejs
EXT-0098,react
EXT-0098,sql
EXT-0098,system_design
EXT-0098,typescript
EXT-0098,vue
EXT-0099,ci_cd
EXT-0099,html_css
EXT-0099,jest
EXT-0099,kubernetes
EXT-0099,mongodb
EXT-0099,nodejs
EXT-0099,react
EXT-0099,typescript
EXT-0100,azure
EXT-0100,ci_cd
EXT-0100,express
EXT-0100,html_css
EXT-0100,kubernetes
EXT-0100,mongodb
EXT-0100,nodejs
EXT-0100,react
EXT-0100,redis
EXT-0100,rest_apis
EXT-0100,sql
EXT-0101,gcp
EXT-0101,java
EXT-0101,javascript
EXT-0101,kubernetes
EXT-0101,microservices
EXT-0101,nodejs
EXT-0101,react
EXT-0101,rest_apis
EXT-0101,terraform
EXT-0102,gcp
EXT-0102,kafka
EXT-0102,kubernetes
EXT-0102,nextjs
EXT-0102,nodejs
EXT-0102,react
EXT-0102,redis
EXT-0102,system_design
EXT-0102,terraform
EXT-0103,docker
EXT-0103,graphql
EXT-0103,kafka
EXT-0103,kubernetes
EXT-0103,linux
EXT-0103,microservices
EXT-0103,mongodb
EXT-0103,nextjs
EXT-0103,nodejs
EXT-0103,react
EXT-0103,rest_apis
EXT-0104,angular
EXT-0104,javascript
EXT-0104,kafka
EXT-0104,kubernetes
EXT-0104,nextjs
EXT-0104,nodejs
EXT-0104,python
EXT-0104,react
EXT-0105,docker
EXT-0105,java
EXT-0105,kubernetes
EXT-0105,nodejs
EXT-0105,react
EXT-0105,sql
EXT-0105,typescript
EXT-0106,ci_cd
EXT-0106,express
EXT-0106,gcp
EXT-0106,html_css
EXT-0106,kubernetes
EXT-0106,mongodb
EXT-0106,nodejs
EXT-0106,react
EXT-0107,html_css
EXT-0107,kafka
EXT-0107,kubernetes
EXT-0107,nodejs
EXT-0107,react
EXT-0107,rest_apis
EXT-0107,terraform
EXT-0108,angular
EXT-0108,aws
EXT-0108,java
EXT-0108,kubernetes
EXT-0108,linux
EXT-0108,mongodb
EXT-0108,nodejs
EXT-0108,react
EXT-0109,express
EXT-0109,gcp
EXT-0109,java
EXT-0109,kafka
EXT-0109,kubernetes
EXT-0109,mongodb
EXT-0109,nodejs
EXT-0109,react
EXT-0109,system_design
EXT-0109,terraform
EXT-0110,ci_cd
EXT-0110,java
EXT-0110,kafka
EXT-0110,kubernetes
EXT-0110,linux
EXT-0110,nodejs
EXT-0110,react
EXT-0111,ci_cd
EXT-0111,docker
EXT-0111,gcp
EXT-0111,kubernetes
EXT-0111,nodejs
EXT-0111,react
EXT-0111,redis
EXT-0111,vue
EXT-0112,aws
EXT-0112,git
EXT-0112,kubernetes
EXT-0112,microservices
EXT-0112,nodejs
EXT-0112,postgresql
EXT-0112,react
EXT-0112,terraform
EXT-0113,azure
EXT-0113,graphql
EXT-0113,kafka
EXT-0113,kubernetes
EXT-0113,nodejs
EXT-0113,react
EXT-0113,sql
EXT-0114,angular
EXT-0114,aws
EXT-0114,ci_cd
EXT-0114,kafka
EXT-0114,kubernetes
EXT-0114,nodejs
EXT-0114,react
EXT-0114,sql
EXT-0115,docker
EXT-0115,express
EXT-0115,kubernetes
EXT-0115,nodejs
EXT-0115,react
EXT-0115,rest_apis
EXT-0116,angular
EXT-0116,javascript
EXT-0116,kafka
EXT-0116,kubernetes
EXT-0116,microservices
EXT-0116,nodejs
EXT-0116,postgresql
EXT-0116,react
EXT-0116,typescript
EXT-0117,express
EXT-0117,git
EXT-0117,kubernetes
EXT-0117,mongodb
EXT-0117,nodejs
EXT-0117,python
EXT-0117,react
EXT-0117,typescript
EXT-0118,angular
EXT-0118,graphql
EXT-0118,html_css
EXT-0118,kubernetes
EXT-0118,nodejs
EXT-0118,postgresql
EXT-0118,react
EXT-0118,terraform
EXT-0119,aws
EXT-0119,azure
EXT-0119,ci_cd
EXT-0119,docker
EXT-0119,git
EXT-0119,kubernetes
EXT-0119,nextjs
EXT-0119,nodejs
EXT-0119,react
EXT-0119,rest_apis
EXT-0120,docker
EXT-0120,gcp
EXT-0120,java
EXT-0120,kubernetes
EXT-0120,mongodb
EXT-0120,nodejs
EXT-0120,python
EXT-0120,react
EXT-0120,sql
EXT-0121,aws
EXT-0121,docker
EXT-0121,gcp
EXT-0121,graphql
EXT-0121,jest
EXT-0121,kubernetes
EXT-0121,mongodb
EXT-0121,nodejs
EXT-0121,postgresql
EXT-0121,react
EXT-0122,aws
EXT-0122,express
EXT-0122,kubernetes
EXT-0122,linux
EXT-0122,mongodb
EXT-0122,nodejs
EXT-0122,react
EXT-0123,angular
EXT-0123,aws
EXT-0123,express
EXT-0123,html_css
EXT-0123,kubernetes
EXT-0123,nextjs
EXT-0123,nodejs
EXT-0123,react
EXT-0123,sql
EXT-0123,system_design
EXT-0123,terraform
EXT-0124,aws
EXT-0124,express
EXT-0124,graphql
EXT-0124,kubernetes
EXT-0124,linux
EXT-0124,microservices
EXT-0124,nodejs
EXT-0124,react
EXT-0124,sql
EXT-0125,express
EXT-0125,git
EXT-0125,graphql
EXT-0125,kubernetes
EXT-0125,nodejs
EXT-0125,python
EXT-0125,react
EXT-0125,system_design
EXT-0125,terraform
EXT-0125,vue
EXT-0126,kubernetes
EXT-0126,linux
EXT-0126,microservices
EXT-0126,nodejs
EXT-0126,python
EXT-0126,react
EXT-0127,gcp
EXT-0127,kafka
EXT-0127,kubernetes
EXT-0127,nextjs
EXT-0127,nodejs
EXT-0127,react
EXT-0127,rest_apis
EXT-0127,terraform
EXT-0128,angular
EXT-0128,graphql
EXT-0128,kubernetes
EXT-0128,linux
EXT-0128,nodejs
EXT-0128,react
EXT-0128,redis
EXT-0128,typescript
EXT-0129,ci_cd
EXT-0129,gcp
EXT-0129,graphql
EXT-0129,kubernetes
EXT-0129,mongodb
EXT-0129,nextjs
EXT-0129,nodejs
EXT-0129,react
EXT-0129,redis
EXT-0129,rest_apis
EXT-0130,aws
EXT-0130,ci_cd
EXT-0130,gcp
EXT-0130,html_css
EXT-0130,javascript
EXT-0130,kubernetes
EXT-0130,microservices
EXT-0130,nodejs
EXT-0130,react
EXT-0130,vue
EXT-0131,express
EXT-0131,html_css
EXT-0131,kubernetes
EXT-0131,linux
EXT-0131,nodejs
EXT-0131,postgresql
EXT-0131,react
EXT-0132,gcp
EXT-0132,graphql
EXT-0132,kubernetes
EXT-0132,nextjs
EXT-0132,nodejs
EXT-0132,postgresql
EXT-0132,python
EXT-0132,react
EXT-0132,sql
EXT-0133,docker
EXT-0133,kubernetes
EXT-0133,mongodb
EXT-0133,nodejs
EXT-0133,python
EXT-0133,react
EXT-0134,docker
EXT-0134,html_css
EXT-0134,kubernetes
EXT-0134,nextjs
EXT-0134,nodejs
EXT-0134,postgresql
EXT-0134,react
EXT-0135,angular
EXT-0135,html_css
EXT-0135,kafka
EXT-0135,kubernetes
EXT-0135,nodejs
EXT-0135,postgresql
EXT-0135,react
EXT-0135,rest_apis
EXT-0135,terraform
EXT-0135,vue
EXT-0136,angular
EXT-0136,ci_cd
EXT-0136,express
EXT-0136,git
EXT-0136,java
EXT-0136,kubernetes
EXT-0136,linux
EXT-0136,nodejs
EXT-0136,postgresql
EXT-0136,react
EXT-0136,vue
EXT-0137,aws
EXT-0137,ci_cd
EXT-0137,graphql
EXT-0137,kubernetes
EXT-0137,nodejs
EXT-0137,python
EXT-0137,react
EXT-0137,sql
EXT-0137,terraform
EXT-0138,docker
EXT-0138,gcp
EXT-0138,kubernetes
EXT-0138,linux
EXT-0138,nodejs
EXT-0138,postgresql
EXT-0138,react
EXT-0138,rest_apis
EXT-0138,sql
EXT-0138,system_design
EXT-0139,gcp
EXT-0139,html_css
EXT-0139,javascript
EXT-0139,kafka
EXT-0139,kubernetes
EXT-0139,mongodb
EXT-0139,nodejs
EXT-0139,react
EXT-0139,typescript
EXT-0140,aws
EXT-0140,express
EXT-0140,html_css
EXT-0140,java
EXT-0140,kubernetes
EXT-0140,mongodb
EXT-0140,nodejs
EXT-0140,react
EXT-0140,system_design
EXT-0141,gcp
EXT-0141,graphql
EXT-0141,java
EXT-0141,kafka
EXT-0141,kubernetes
EXT-0141,nodejs
EXT-0141,react
EXT-0141,redis
EXT-0142,aws
EXT-0142,ci_cd
EXT-0142,gcp
EXT-0142,kafka
EXT-0142,kubernetes
EXT-0142,nodejs
EXT-0142,python
EXT-0142,react
EXT-0142,terraform
EXT-0143,ci_cd
EXT-0143,java
EXT-0143,jest
EXT-0143,kubernetes
EXT-0143,nodejs
EXT-0143,react
EXT-0143,system_design
EXT-0143,vue
EXT-0144,aws
EXT-0144,ci_cd
EXT-0144,html_css
EXT-0144,kubernetes
EXT-0144,mongodb
EXT-0144,nodejs
EXT-0144,react
EXT-0144,redis
EXT-0144,sql
EXT-0144,typescript
EXT-0144,vue
EXT-0145,express
EXT-0145,kubernetes
EXT-0145,nodejs
EXT-0145,react
EXT-0145,sql
EXT-0145,typescript
EXT-0146,azure
EXT-0146,express
EXT-0146,graphql
EXT-0146,jest
EXT-0146,kafka
EXT-0146,kubernetes
EXT-0146,nodejs
EXT-0146,react
EXT-0146,typescript
EXT-0147,azure
EXT-0147,git
EXT-0147,kafka
EXT-0147,kubernetes
EXT-0147,nextjs
EXT-0147,nodejs
EXT-0147,python
EXT-0147,react
EXT-0147,rest_apis
EXT-0147,typescript
EXT-0147,vue
EXT-0148,aws
EXT-0148,azure
EXT-0148,git
EXT-0148,graphql
EXT-0148,kafka
EXT-0148,kubernetes
EXT-0148,microservices
EXT-0148,mongodb
EXT-0148,nodejs
EXT-0148,react
EXT-0148,typescript
EXT-0149,aws
EXT-0149,graphql
EXT-0149,kubernetes
EXT-0149,linux
EXT-0149,microservices
EXT-0149,nodejs
EXT-0149,react
EXT-0149,sql
EXT-0149,vue
EXT-0150,docker
EXT-0150,html_css
EXT-0150,kubernetes
EXT-0150,nodejs
EXT-0150,react
EXT-0150,terraform
EXT-0150,typescript
EXT-0151,docker
EXT-0151,express
EXT-0151,kubernetes
EXT-0151,linux
EXT-0151,nodejs
EXT-0151,react
EXT-0151,sql
EXT-0152,ci_cd
EXT-0152,git
EXT-0152,graphql
EXT-0152,kubernetes
EXT-0152,nodejs
EXT-0152,postgresql
EXT-0152,python
EXT-0152,react
EXT-0153,aws
EXT-0153,graphql
EXT-0153,kafka
EXT-0153,kubernetes
EXT-0153,nodejs
EXT-0153,react
EXT-0154,aws
EXT-0154,express
EXT-0154,kubernetes
EXT-0154,nodejs
EXT-0154,react
EXT-0154,vue
EXT-0155,express
EXT-0155,git
EXT-0155,kafka
EXT-0155,kubernetes
EXT-0155,nodejs
EXT-0155,react
EXT-0155,redis
EXT-0155,system_design
EXT-0156,gcp
EXT-0156,jest
EXT-0156,kubernetes
EXT-0156,nodejs
EXT-0156,react
EXT-0156,system_design
EXT-0157,kafka
EXT-0157,kubernetes
EXT-0157,nodejs
EXT-0157,python
EXT-0157,react
EXT-0157,vue
EXT-0158,gcp
EXT-0158,git
EXT-0158,kubernetes
EXT-0158,nextjs
EXT-0158,nodejs
EXT-0158,postgresql
EXT-0158,react
EXT-0158,rest_apis
EXT-0159,docker
EXT-0159,kubernetes
EXT-0159,microservices
EXT-0159,nodejs
EXT-0159,react
EXT-0159,vue
EXT-0160,docker
EXT-0160,html_css
EXT-0160,javascript
EXT-0160,kafka
EXT-0160,kubernetes
EXT-0160,microservices
EXT-0160,nodejs
EXT-0160,react
EXT-0160,redis
EXT-0160,terraform
EXT-0161,angular
EXT-0161,graphql
EXT-0161,html_css
EXT-0161,java
EXT-0161,kubernetes
EXT-0161,nodejs
EXT-0161,react
EXT-0161,terraform
EXT-0162,angular
EXT-0162,javascript
EXT-0162,kubernetes
EXT-0162,nextjs
EXT-0162,nodejs
EXT-0162,react
EXT-0162,redis
EXT-0162,typescript
EXT-0162,vue
EXT-0163,azure
EXT-0163,html_css
EXT-0163,javascript
EXT-0163,kubernetes
EXT-0163,microservices
EXT-0163,mongodb
EXT-0163,nextjs
EXT-0163,nodejs
EXT-0163,react
EXT-0163,redis
EXT-0164,azure
EXT-0164,ci_cd
EXT-0164,kubernetes
EXT-0164,linux
EXT-0164,nodejs
EXT-0164,react
EXT-0164,redis
EXT-0164,rest_apis
EXT-0164,system_design
EXT-0164,typescript
EXT-0165,angular
EXT-0165,azure
EXT-0165,kafka
EXT-0165,kubernetes
EXT-0165,linux
EXT-0165,nodejs
EXT-0165,python
EXT-0165,react
EXT-0165,sql
EXT-0165,terraform
EXT-0165,typescript
EXT-0166,graphql
EXT-0166,java
EXT-0166,javascript
EXT-0166,kubernetes
EXT-0166,linux
EXT-0166,microservices
EXT-0166,nodejs
EXT-0166,react
EXT-0166,vue
EXT-0167,java
EXT-0167,jest
EXT-0167,kubernetes
EXT-0167,nodejs
EXT-0167,react
EXT-0167,typescript
EXT-0168,aws
EXT-0168,ci_cd
EXT-0168,docker
EXT-0168,git
EXT-0168,kubernetes
EXT-0168,mongodb
EXT-0168,nodejs
EXT-0168,postgresql
EXT-0168,python
EXT-0168,react
EXT-0168,typescript
EXT-0169,html_css
EXT-0169,java
EXT-0169,jest
EXT-0169,kafka
EXT-0169,kubernetes
EXT-0169,nodejs
EXT-0169,react
EXT-0169,typescript
EXT-0170,java
EXT-0170,jest
EXT-0170,kubernetes
EXT-0170,nextjs
EXT-0170,nodejs
EXT-0170,react
EXT-0170,system_design
EXT-0170,terraform
EXT-0170,vue
EXT-0171,aws
EXT-0171,azure
EXT-0171,javascript
EXT-0171,kubernetes
EXT-0171,linux
EXT-0171,nodejs
EXT-0171,react
EXT-0172,angular
EXT-0172,aws
EXT-0172,kubernetes
EXT-0172,microservices
EXT-0172,nodejs
EXT-0172,python
EXT-0172,react
EXT-0172,redis
EXT-0173,docker
EXT-0173,gcp
EXT-0173,kubernetes
EXT-0173,mongodb
EXT-0173,nodejs
EXT-0173,postgresql
EXT-0173,react
EXT-0173,sql
EXT-0173,typescript
EXT-0173,vue
EXT-0174,gcp
EXT-0174,html_css
EXT-0174,java
EXT-0174,kafka
EXT-0174,kubernetes
EXT-0174,linux
EXT-0174,microservices
EXT-0174,nodejs
EXT-0174,postgresql
EXT-0174,react
EXT-0175,azure
EXT-0175,gcp
EXT-0175,git
EXT-0175,java
EXT-0175,jest
EXT-0175,kafka
EXT-0175,kubernetes
EXT-0175,linux
EXT-0175,nodejs
EXT-0175,react
EXT-0175,system_design
EXT-0176,gcp
EXT-0176,graphql
EXT-0176,html_css
EXT-0176,java
EXT-0176,kubernetes
EXT-0176,microservices
EXT-0176,mongodb
EXT-0176,nextjs
EXT-0176,nodejs
EXT-0176,react
EXT-0176,sql
EXT-0177,express
EXT-0177,gcp
EXT-0177,javascript
EXT-0177,kubernetes
EXT-0177,mongodb
EXT-0177,nodejs
EXT-0177,python
EXT-0177,react
EXT-0177,system_design
EXT-0177,terraform
EXT-0177,vue
EXT-0178,azure
EXT-0178,express
EXT-0178,html_css
EXT-0178,java
EXT-0178,kafka
EXT-0178,kubernetes
EXT-0178,nodejs
EXT-0178,postgresql
EXT-0178,react
EXT-0179,ci_cd
EXT-0179,html_css
EXT-0179,kubernetes
EXT-0179,nodejs
EXT-0179,python
EXT-0179,react
EXT-0179,sql
EXT-0180,aws
EXT-0180,docker
EXT-0180,git
EXT-0180,java
EXT-0180,kafka
EXT-0180,kubernetes
EXT-0180,mongodb
EXT-0180,nodejs
EXT-0180,postgresql
EXT-0180,react
EXT-0180,vue
EXT-0181,ci_cd
EXT-0181,kubernetes
EXT-0181,nodejs
EXT-0181,react
EXT-0181,redis
EXT-0181,vue
EXT-0182,angular
EXT-0182,express
EXT-0182,jest
EXT-0182,kubernetes
EXT-0182,nodejs
EXT-0182,react
EXT-0182,sql
EXT-0183,ci_cd
EXT-0183,kafka
EXT-0183,kubernetes
EXT-0183,nextjs
EXT-0183,nodejs
EXT-0183,react
EXT-0183,sql
EXT-0184,kubernetes
EXT-0184,microservices
EXT-0184,nodejs
EXT-0184,python
EXT-0184,react
EXT-0184,sql
EXT-0185,express
EXT-0185,git
EXT-0185,graphql
EXT-0185,kafka
EXT-0185,kubernetes
EXT-0185,mongodb
EXT-0185,nodejs
EXT-0185,react
EXT-0185,rest_apis
EXT-0185,terraform
EXT-0186,ci_cd
EXT-0186,docker
EXT-0186,express
EXT-0186,kafka
EXT-0186,kubernetes
EXT-0186,mongodb
EXT-0186,nodejs
EXT-0186,postgresql
EXT-0186,python
EXT-0186,react
EXT-0187,graphql
EXT-0187,kubernetes
EXT-0187,linux
EXT-0187,microservices
EXT-0187,nodejs
EXT-0187,postgresql
EXT-0187,react
EXT-0188,docker
EXT-0188,javascript
EXT-0188,kubernetes
EXT-0188,nodejs
EXT-0188,react
EXT-0188,rest_apis
EXT-0188,terraform
EXT-0188,typescript
EXT-0189,gcp
EXT-0189,git
EXT-0189,java
EXT-0189,kubernetes
EXT-0189,mongodb
EXT-0189,nextjs
EXT-0189,nodejs
EXT-0189,python
EXT-0189,react
EXT-0189,system_design
EXT-0189,terraform
EXT-0190,aws
EXT-0190,git
EXT-0190,kafka
EXT-0190,kubernetes
EXT-0190,nodejs
EXT-0190,python
EXT-0190,react
EXT-0190,terraform
EXT-0191,express
EXT-0191,kubernetes
EXT-0191,nodejs
EXT-0191,postgresql
EXT-0191,react
EXT-0191,vue
EXT-0192,docker
EXT-0192,express
EXT-0192,gcp
EXT-0192,graphql
EXT-0192,javascript
EXT-0192,kubernetes
EXT-0192,nodejs
EXT-0192,react
EXT-0192,redis
EXT-0192,rest_apis
EXT-0193,gcp
EXT-0193,html_css
EXT-0193,javascript
EXT-0193,jest
EXT-0193,kubernetes
EXT-0193,nodejs
EXT-0193,react
EXT-0193,vue
EXT-0194,gcp
EXT-0194,kubernetes
EXT-0194,nextjs
EXT-0194,nodejs
EXT-0194,python
EXT-0194,react
EXT-0194,terraform
EXT-0195,html_css
EXT-0195,javascript
EXT-0195,kubernetes
EXT-0195,mongodb
EXT-0195,nodejs
EXT-0195,react
EXT-0195,redis
EXT-0195,rest_apis
EXT-0195,sql
EXT-0195,typescript
EXT-0196,express
EXT-0196,kubernetes
EXT-0196,linux
EXT-0196,nextjs
EXT-0196,nodejs
EXT-0196,react
EXT-0196,sql
EXT-0196,system_design
EXT-0196,vue
EXT-0197,azure
EXT-0197,kubernetes
EXT-0197,nodejs
EXT-0197,react
EXT-0197,rest_apis
EXT-0197,typescript
EXT-0198,angular
EXT-0198,javascript
EXT-0198,kubernetes
EXT-0198,microservices
EXT-0198,nodejs
EXT-0198,react
EXT-0198,redis
EXT-0198,rest_apis
EXT-0199,ci_cd
EXT-0199,kubernetes
EXT-0199,microservices
EXT-0199,mongodb
EXT-0199,nextjs
EXT-0199,nodejs
EXT-0199,postgresql
EXT-0199,react
EXT-0199,sql
EXT-0199,typescript
EXT-0200,azure
EXT-0200,express
EXT-0200,jest
EXT-0200,kubernetes
EXT-0200,nextjs
EXT-0200,nodejs
EXT-0200,react
EXT-0200,rest_apis
EXT-0201,angular
EXT-0201,kubernetes
EXT-0201,microservices
EXT-0201,nodejs
EXT-0201,react
EXT-0201,rest_apis
EXT-0202,docker
EXT-0202,git
EXT-0202,html_css
EXT-0202,java
EXT-0202,kafka
EXT-0202,kubernetes
EXT-0202,nextjs
EXT-0202,nodejs
EXT-0202,react
EXT-0202,terraform
EXT-0203,docker
EXT-0203,kubernetes
EXT-0203,nodejs
EXT-0203,react
EXT-0203,redis
EXT-0203,rest_apis
EXT-0203,sql
EXT-0203,vue
EXT-0204,jest
EXT-0204,kubernetes
EXT-0204,microservices
EXT-0204,nodejs
EXT-0204,react
EXT-0204,system_design
EXT-0205,aws
EXT-0205,ci_cd
EXT-0205,html_css
EXT-0205,jest
EXT-0205,kafka
EXT-0205,kubernetes
EXT-0205,mongodb
EXT-0205,nodejs
EXT-0205,react
EXT-0205,rest_apis
EXT-0205,system_design
EXT-0206,angular
EXT-0206,express
EXT-0206,graphql
EXT-0206,java
EXT-0206,kubernetes
EXT-0206,nextjs
EXT-0206,nodejs
EXT-0206,react
EXT-0206,sql
EXT-0207,aws
EXT-0207,ci_cd
EXT-0207,jest
EXT-0207,kubernetes
EXT-0207,mongodb
EXT-0207,nodejs
EXT-0207,react
EXT-0207,redis
EXT-0207,system_design
EXT-0208,kafka
EXT-0208,kubernetes
EXT-0208,nextjs
EXT-0208,nodejs
EXT-0208,react
EXT-0208,sql
EXT-0208,system_design
EXT-0209,aws
EXT-0209,azure
EXT-0209,ci_cd
EXT-0209,jest
EXT-0209,kubernetes
EXT-0209,nextjs
EXT-0209,nodejs
EXT-0209,postgresql
EXT-0209,react
EXT-0209,sql
EXT-0209,typescript
EXT-0210,azure
EXT-0210,ci_cd
EXT-0210,express
EXT-0210,kubernetes
EXT-0210,nodejs
EXT-0210,react
EXT-0210,system_design
EXT-0210,terraform
EXT-0210,typescript
EXT-0211,aws
EXT-0211,azure
EXT-0211,docker
EXT-0211,kubernetes
EXT-0211,nextjs
EXT-0211,nodejs
EXT-0211,python
EXT-0211,react
EXT-0211,rest_apis
EXT-0211,vue
EXT-0212,ci_cd
EXT-0212,html_css
EXT-0212,java
EXT-0212,kubernetes
EXT-0212,linux
EXT-0212,nodejs
EXT-0212,python
EXT-0212,react
EXT-0212,rest_apis
EXT-0212,system_design
EXT-0213,gcp
EXT-0213,graphql
EXT-0213,html_css
EXT-0213,kubernetes
EXT-0213,nodejs
EXT-0213,react
EXT-0214,docker
EXT-0214,express
EXT-0214,javascript
EXT-0214,kubernetes
EXT-0214,linux
EXT-0214,microservices
EXT-0214,nextjs
EXT-0214,nodejs
EXT-0214,python
EXT-0214,react
EXT-0214,vue
EXT-0215,ci_cd
EXT-0215,docker
EXT-0215,kubernetes
EXT-0215,nextjs
EXT-0215,nodejs
EXT-0215,react
EXT-0216,express
EXT-0216,javascript
EXT-0216,kafka
EXT-0216,kubernetes
EXT-0216,linux
EXT-0216,nodejs
EXT-0216,postgresql
EXT-0216,react
EXT-0216,typescript
EXT-0217,graphql
EXT-0217,kafka
EXT-0217,kubernetes
EXT-0217,linux
EXT-0217,nextjs
EXT-0217,nodejs
EXT-0217,python
EXT-0217,react
EXT-0217,rest_apis
EXT-0218,git
EXT-0218,kafka
EXT-0218,kubernetes
EXT-0218,microservices
EXT-0218,mongodb
EXT-0218,nodejs
EXT-0218,python
EXT-0218,react
EXT-0219,html_css
EXT-0219,javascript
EXT-0219,kubernetes
EXT-0219,nextjs
EXT-0219,nodejs
EXT-0219,postgresql
EXT-0219,react
EXT-0219,sql
EXT-0219,terraform
EXT-0220,aws
EXT-0220,azure
EXT-0220,git
EXT-0220,html_css
EXT-0220,jest
EXT-0220,kubernetes
EXT-0220,mongodb
EXT-0220,nodejs
EXT-0220,react
EXT-0220,redis
EXT-0220,typescript
EXT-0221,ci_cd
EXT-0221,gcp
EXT-0221,graphql
EXT-0221,jest
EXT-0221,kubernetes
EXT-0221,nodejs
EXT-0221,react
EXT-0221,sql
EXT-0221,system_design
EXT-0221,vue
EXT-0222,ci_cd
EXT-0222,git
EXT-0222,javascript
EXT-0222,kubernetes
EXT-0222,linux
EXT-0222,nodejs
EXT-0222,react
EXT-0222,redis
EXT-0222,terraform
EXT-0222,typescript
EXT-0223,graphql
EXT-0223,jest
EXT-0223,kubernetes
EXT-0223,microservices
EXT-0223,nodejs
EXT-0223,postgresql
EXT-0223,react
EXT-0223,redis
EXT-0223,typescript
EXT-0224,gcp
EXT-0224,graphql
EXT-0224,javascript
EXT-0224,jest
EXT-0224,kubernetes
EXT-0224,linux
EXT-0224,microservices
EXT-0224,nodejs
EXT-0224,react
EXT-0225,express
EXT-0225,gcp
EXT-0225,git
EXT-0225,kafka
EXT-0225,kubernetes
EXT-0225,nodejs
EXT-0225,react
EXT-0225,sql
EXT-0226,angular
EXT-0226,ci_cd
EXT-0226,java
EXT-0226,javascript
EXT-0226,kubernetes
EXT-0226,mongodb
EXT-0226,nodejs
EXT-0226,react
EXT-0227,angular
EXT-0227,aws
EXT-0227,ci_cd
EXT-0227,git
EXT-0227,javascript
EXT-0227,kubernetes
EXT-0227,microservices
EXT-0227,nextjs
EXT-0227,nodejs
EXT-0227,postgresql
EXT-0227,react
EXT-0228,docker
EXT-0228,kubernetes
EXT-0228,nextjs
EXT-0228,nodejs
EXT-0228,react
EXT-0228,redis
EXT-0228,terraform
EXT-0229,express
EXT-0229,jest
EXT-0229,kubernetes
EXT-0229,nodejs
EXT-0229,postgresql
EXT-0229,react
EXT-0229,terraform
EXT-0230,azure
EXT-0230,git
EXT-0230,kubernetes
EXT-0230,nodejs
EXT-0230,react
EXT-0230,redis
EXT-0231,azure
EXT-0231,ci_cd
EXT-0231,gcp
EXT-0231,jest
EXT-0231,kubernetes
EXT-0231,linux
EXT-0231,nodejs
EXT-0231,react
EXT-0231,rest_apis
EXT-0231,sql
EXT-0231,vue
EXT-0232,angular
EXT-0232,docker
EXT-0232,express
EXT-0232,kubernetes
EXT-0232,nodejs
EXT-0232,react
EXT-0232,redis
EXT-0232,rest_apis
EXT-0233,angular
EXT-0233,azure
EXT-0233,graphql
EXT-0233,jest
EXT-0233,kubernetes
EXT-0233,mongodb
EXT-0233,nodejs
EXT-0233,python
EXT-0233,react
EXT-0234,docker
EXT-0234,express
EXT-0234,kubernetes
EXT-0234,microservices
EXT-0234,nextjs
EXT-0234,nodejs
EXT-0234,react
EXT-0234,sql
EXT-0235,aws
EXT-0235,azure
EXT-0235,docker
EXT-0235,java
EXT-0235,kubernetes
EXT-0235,microservices
EXT-0235,nodejs
EXT-0235,python
EXT-0235,react
EXT-0236,express
EXT-0236,git
EXT-0236,html_css
EXT-0236,kubernetes
EXT-0236,nodejs
EXT-0236,python
EXT-0236,react
EXT-0236,sql
EXT-0237,express
EXT-0237,java
EXT-0237,kubernetes
EXT-0237,mongodb
EXT-0237,nextjs
EXT-0237,nodejs
EXT-0237,python
EXT-0237,react
EXT-0237,terraform
EXT-0237,vue
EXT-0238,express
EXT-0238,html_css
EXT-0238,kubernetes
EXT-0238,linux
EXT-0238,nodejs
EXT-0238,react
EXT-0238,rest_apis
EXT-0239,docker
EXT-0239,javascript
EXT-0239,kubernetes
EXT-0239,linux
EXT-0239,microservices
EXT-0239,nodejs
EXT-0239,react
EXT-0239,system_design
EXT-0239,terraform
EXT-0240,aws
EXT-0240,ci_cd
EXT-0240,kubernetes
EXT-0240,nodejs
EXT-0240,postgresql
EXT-0240,react
EXT-0241,docker
EXT-0241,html_css
EXT-0241,kafka
EXT-0241,kubernetes
EXT-0241,microservices
EXT-0241,nodejs
EXT-0241,react
EXT-0241,system_design
EXT-0241,terraform
EXT-0242,java
EXT-0242,javascript
EXT-0242,kubernetes
EXT-0242,nextjs
EXT-0242,nodejs
EXT-0242,react
EXT-0242,rest_apis
EXT-0242,system_design
EXT-0242,typescript
EXT-0243,html_css
EXT-0243,java
EXT-0243,javascript
EXT-0243,kafka
EXT-0243,kubernetes
EXT-0243,nodejs
EXT-0243,react
EXT-0244,java
EXT-0244,kafka
EXT-0244,kubernetes
EXT-0244,nodejs
EXT-0244,python
EXT-0244,react
EXT-0244,terraform
EXT-0245,docker
EXT-0245,gcp
EXT-0245,html_css
EXT-0245,jest
EXT-0245,kubernetes
EXT-0245,linux
EXT-0245,microservices
EXT-0245,nodejs
EXT-0245,react
EXT-0245,redis
EXT-0245,typescript
EXT-0246,azure
EXT-0246,kubernetes
EXT-0246,linux
EXT-0246,microservices
EXT-0246,nodejs
EXT-0246,react
EXT-0246,sql
EXT-0246,terraform
EXT-0246,typescript
EXT-0247,kubernetes
EXT-0247,microservices
EXT-0247,nodejs
EXT-0247,react
EXT-0247,redis
EXT-0247,terraform
EXT-0248,kafka
EXT-0248,kubernetes
EXT-0248,linux
EXT-0248,nextjs
EXT-0248,nodejs
EXT-0248,react
EXT-0249,angular
EXT-0249,git
EXT-0249,kubernetes
EXT-0249,linux
EXT-0249,nextjs
EXT-0249,nodejs
EXT-0249,python
EXT-0249,react
EXT-0250,azure
EXT-0250,gcp
EXT-0250,kubernetes
EXT-0250,microservices
EXT-0250,mongodb
EXT-0250,nodejs
EXT-0250,react
EXT-0251,angular
EXT-0251,docker
EXT-0251,kubernetes
EXT-0251,mongodb
EXT-0251,nextjs
EXT-0251,nodejs
EXT-0251,react
EXT-0251,vue
EXT-0252,kubernetes
EXT-0252,mongodb
EXT-0252,nextjs
EXT-0252,nodejs
EXT-0252,react
EXT-0252,redis
EXT-0253,aws
EXT-0253,express
EXT-0253,git
EXT-0253,html_css
EXT-0253,java
EXT-0253,kubernetes
EXT-0253,microservices
EXT-0253,nodejs
EXT-0253,react
EXT-0253,typescript
EXT-0254,angular
EXT-0254,express
EXT-0254,kafka
EXT-0254,kubernetes
EXT-0254,nodejs
EXT-0254,python
EXT-0254,react
EXT-0254,rest_apis
EXT-0254,system_design
EXT-0254,typescript
EXT-0255,html_css
EXT-0255,kubernetes
EXT-0255,linux
EXT-0255,nodejs
EXT-0255,python
EXT-0255,react
EXT-0256,ci_cd
EXT-0256,javascript
EXT-0256,kubernetes
EXT-0256,nodejs
EXT-0256,react
EXT-0256,system_design
EXT-0257,kubernetes
EXT-0257,nextjs
EXT-0257,nodejs
EXT-0257,react
EXT-0257,typescript
EXT-0257,vue
EXT-0258,docker
EXT-0258,graphql
EXT-0258,jest
EXT-0258,kubernetes
EXT-0258,linux
EXT-0258,nodejs
EXT-0258,react
EXT-0258,typescript
EXT-0259,aws
EXT-0259,html_css
EXT-0259,java
EXT-0259,kubernetes
EXT-0259,microservices
EXT-0259,nodejs
EXT-0259,react
EXT-0259,terraform
EXT-0259,vue
EXT-0260,java
EXT-0260,javascript
EXT-0260,kubernetes
EXT-0260,nextjs
EXT-0260,nodejs
EXT-0260,react
EXT-0260,terraform
EXT-0261,ci_cd
EXT-0261,java
EXT-0261,kubernetes
EXT-0261,linux
EXT-0261,mongodb
EXT-0261,nodejs
EXT-0261,react
EXT-0261,redis
EXT-0261,system_design
EXT-0261,typescript
EXT-0261,vue
EXT-0262,kubernetes
EXT-0262,nextjs
EXT-0262,nodejs
EXT-0262,postgresql
EXT-0262,react
EXT-0262,terraform
EXT-0263,express
EXT-0263,gcp
EXT-0263,graphql
EXT-0263,java
EXT-0263,kubernetes
EXT-0263,linux
EXT-0263,nodejs
EXT-0263,react
EXT-0263,system_design
EXT-0263,typescript
EXT-0263,vue
EXT-0264,angular
EXT-0264,html_css
EXT-0264,java
EXT-0264,javascript
EXT-0264,jest
EXT-0264,kubernetes
EXT-0264,mongodb
EXT-0264,nextjs
EXT-0264,nodejs
EXT-0264,react
EXT-0264,sql
EXT-0265,ci_cd
EXT-0265,docker
EXT-0265,express
EXT-0265,javascript
EXT-0265,kubernetes
EXT-0265,microservices
EXT-0265,nodejs
EXT-0265,postgresql
EXT-0265,react
EXT-0265,sql
EXT-0265,system_design
EXT-0266,html_css
EXT-0266,javascript
EXT-0266,jest
EXT-0266,kubernetes
EXT-0266,microservices
EXT-0266,nodejs
EXT-0266,react
EXT-0266,redis
EXT-0266,terraform
EXT-0266,vue
EXT-0267,angular
EXT-0267,aws
EXT-0267,graphql
EXT-0267,kafka
EXT-0267,kubernetes
EXT-0267,mongodb
EXT-0267,nodejs
EXT-0267,react
EXT-0267,sql
EXT-0268,aws
EXT-0268,docker
EXT-0268,graphql
EXT-0268,java
EXT-0268,jest
EXT-0268,kafka
EXT-0268,kubernetes
EXT-0268,nodejs
EXT-0268,postgresql
EXT-0268,react
EXT-0269,azure
EXT-0269,graphql
EXT-0269,kubernetes
EXT-0269,nodejs
EXT-0269,postgresql
EXT-0269,react
EXT-0269,rest_apis
EXT-0269,sql
EXT-0269,terraform
EXT-0269,typescript
EXT-0270,gcp
EXT-0270,graphql
EXT-0270,html_css
EXT-0270,kafka
EXT-0270,kubernetes
EXT-0270,nodejs
EXT-0270,python
EXT-0270,react
EXT-0270,sql
EXT-0270,terraform
EXT-0270,vue
EXT-0271,ci_cd
EXT-0271,gcp
EXT-0271,git
EXT-0271,java
EXT-0271,jest
EXT-0271,kubernetes
EXT-0271,nodejs
EXT-0271,react
EXT-0271,typescript
EXT-0272,aws
EXT-0272,ci_cd
EXT-0272,kubernetes
EXT-0272,nodejs
EXT-0272,python
EXT-0272,react
EXT-0273,aws
EXT-0273,azure
EXT-0273,graphql
EXT-0273,kubernetes
EXT-0273,linux
EXT-0273,terraform
EXT-0273,vue
EXT-0274,ci_cd
EXT-0274,git
EXT-0274,javascript
EXT-0275,git
EXT-0275,graphql
EXT-0275,jest
EXT-0275,sql
EXT-0276,gcp
EXT-0276,git
EXT-0276,jest
EXT-0276,linux
EXT-0276,python
EXT-0276,redis
EXT-0276,system_design
EXT-0276,vue
EXT-0277,azure
EXT-0277,microservices
EXT-0277,python
EXT-0277,sql
EXT-0278,ci_cd
EXT-0278,graphql
EXT-0278,kubernetes
EXT-0278,microservices
EXT-0278,nextjs
EXT-0279,docker
EXT-0279,python
EXT-0279,system_design
EXT-0279,terraform
EXT-0280,azure
EXT-0280,docker
EXT-0280,javascript
EXT-0280,nextjs
EXT-0280,redis
EXT-0280,terraform
EXT-0281,gcp
EXT-0281,javascript
EXT-0281,nextjs
EXT-0281,postgresql
EXT-0281,system_design
EXT-0282,ci_cd
EXT-0282,express
EXT-0282,graphql
EXT-0282,html_css
EXT-0282,javascript
EXT-0282,postgresql
EXT-0282,system_design
EXT-0282,terraform
EXT-0283,angular
EXT-0283,aws
EXT-0283,java
EXT-0283,javascript
EXT-0283,rest_apis
EXT-0284,aws
EXT-0284,docker
EXT-0284,gcp
EXT-0284,graphql
EXT-0284,kafka
EXT-0284,kubernetes
EXT-0285,docker
EXT-0285,gcp
EXT-0285,kafka
EXT-0285,postgresql
EXT-0285,vue
EXT-0286,ci_cd
EXT-0286,gcp
EXT-0286,java
EXT-0286,jest
EXT-0286,python
EXT-0286,system_design
EXT-0287,azure
EXT-0287,graphql
EXT-0287,jest
EXT-0287,kubernetes
EXT-0287,nextjs
EXT-0287,redis
EXT-0288,graphql
EXT-0288,kubernetes
EXT-0288,redis
EXT-0288,rest_apis
EXT-0288,terraform
EXT-0289,gcp
EXT-0289,kubernetes
EXT-0289,mongodb
EXT-0289,rest_apis
EXT-0290,azure
EXT-0290,git
EXT-0290,terraform
EXT-0291,aws
EXT-0291,java
EXT-0291,postgresql
EXT-0292,aws
EXT-0292,gcp
EXT-0292,graphql
EXT-0292,microservices
EXT-0292,nextjs
EXT-0292,vue
EXT-0293,graphql
EXT-0293,java
EXT-0293,sql
EXT-0293,system_design
EXT-0294,jest
EXT-0294,kafka
EXT-0294,microservices
EXT-0294,python
EXT-0294,terraform
EXT-0295,angular
EXT-0295,aws
EXT-0295,azure
EXT-0295,kafka
EXT-0295,mongodb
EXT-0295,nextjs
EXT-0295,rest_apis
EXT-0295,typescript
EXT-0296,angular
EXT-0296,docker
EXT-0296,express
EXT-0296,gcp
EXT-0296,html_css
EXT-0296,javascript
EXT-0296,linux
EXT-0296,rest_apis
EXT-0297,angular
EXT-0297,jest
EXT-0297,microservices
EXT-0298,angular
EXT-0298,aws
EXT-0298,kubernetes
EXT-0299,ci_cd
EXT-0299,docker
EXT-0299,java
EXT-0299,rest_apis
EXT-0299,system_design
EXT-0299,vue
EXT-0300,express
EXT-0300,graphql
EXT-0300,jest
EXT-0300,kafka
EXT-0300,nextjs
EXT-0300,python
EXT-0301,azure
EXT-0301,docker
EXT-0301,kubernetes
EXT-0301,linux
EXT-0301,microservices
EXT-0301,mongodb
EXT-0302,angular
EXT-0302,gcp
EXT-0302,kubernetes
EXT-0302,nextjs
EXT-0302,terraform
EXT-0303,angular
EXT-0303,azure
EXT-0303,ci_cd
EXT-0303,git
EXT-0303,jest
EXT-0303,vue
EXT-0304,git
EXT-0304,graphql
EXT-0304,kubernetes
EXT-0304,microservices
EXT-0304,python
EXT-0304,system_design
EXT-0304,typescript
EXT-0304,vue
EXT-0305,angular
EXT-0305,aws
EXT-0305,rest_apis
EXT-0305,sql
EXT-0305,vue
EXT-0306,gcp
EXT-0306,graphql
EXT-0306,html_css
EXT-0306,kafka
EXT-0306,python
EXT-0306,terraform
EXT-0307,aws
EXT-0307,ci_cd
EXT-0307,kafka
EXT-0307,linux
EXT-0307,sql
EXT-0308,ci_cd
EXT-0308,docker
EXT-0308,express
EXT-0308,gcp
EXT-0308,graphql
EXT-0308,postgresql
EXT-0309,azure
EXT-0309,docker
EXT-0309,gcp
EXT-0309,git
EXT-0309,javascript
EXT-0309,rest_apis
EXT-0309,system_design
EXT-0310,express
EXT-0310,html_css
EXT-0310,jest
EXT-0311,express
EXT-0311,graphql
EXT-0311,java
EXT-0311,kafka
EXT-0311,kubernetes
EXT-0311,linux
EXT-0311,nextjs
EXT-0311,terraform
EXT-0312,docker
EXT-0312,gcp
EXT-0312,kubernetes
EXT-0313,aws
EXT-0313,gcp
EXT-0313,kubernetes
EXT-0313,nodejs
EXT-0313,react
EXT-0313,system_design
EXT-0313,terraform
EXT-0314,express
EXT-0314,kubernetes
EXT-0314,linux
EXT-0314,mongodb
EXT-0314,nodejs
EXT-0314,react
EXT-0315,express
EXT-0315,kubernetes
EXT-0315,microservices
EXT-0315,nextjs
EXT-0315,nodejs
EXT-0315,react
EXT-0315,rest_apis
EXT-0315,sql
EXT-0316,ci_cd
EXT-0316,java
EXT-0316,kubernetes
EXT-0316,nodejs
EXT-0316,postgresql
EXT-0316,react
EXT-0316,rest_apis
EXT-0316,system_design
EXT-0317,kafka
EXT-0317,kubernetes
EXT-0317,nodejs
EXT-0317,postgresql
EXT-0317,react
EXT-0317,redis
EXT-0317,terraform
EXT-0318,express
EXT-0318,java
EXT-0318,javascript
EXT-0318,jest
EXT-0318,kubernetes
EXT-0318,linux
EXT-0318,nodejs
EXT-0318,python
EXT-0318,react
EXT-0318,typescript
EXT-0319,ci_cd
EXT-0319,kubernetes
EXT-0319,linux
EXT-0319,microservices
EXT-0319,nextjs
EXT-0319,nodejs
EXT-0319,react
EXT-0319,terraform
EXT-0320,angular
EXT-0320,aws
EXT-0320,ci_cd
EXT-0320,kubernetes
EXT-0320,mongodb
EXT-0320,nodejs
EXT-0320,python
EXT-0320,react
EXT-0321,express
EXT-0321,git
EXT-0321,java
EXT-0321,jest
EXT-0321,kafka
EXT-0321,kubernetes
EXT-0321,nodejs
EXT-0321,react
EXT-0322,angular
EXT-0322,html_css
EXT-0322,java
EXT-0322,kubernetes
EXT-0322,linux
EXT-0322,nodejs
EXT-0322,postgresql
EXT-0322,react
EXT-0322,system_design
EXT-0322,typescript
EXT-0322,vue
EXT-0323,azure
EXT-0323,git
EXT-0323,kafka
EXT-0323,kubernetes
EXT-0323,nodejs
EXT-0323,postgresql
EXT-0323,react
EXT-0323,rest_apis
EXT-0323,sql
EXT-0324,aws
EXT-0324,azure
EXT-0324,kubernetes
EXT-0324,nodejs
EXT-0324,react
EXT-0324,sql
EXT-0325,html_css
EXT-0325,javascript
EXT-0325,kubernetes
EXT-0325,linux
EXT-0325,nodejs
EXT-0325,react
EXT-0325,sql
EXT-0326,docker
EXT-0326,javascript
EXT-0326,jest
EXT-0326,kubernetes
EXT-0326,microservices
EXT-0326,nodejs
EXT-0326,postgresql
EXT-0326,react
EXT-0326,redis
EXT-0326,rest_apis
EXT-0326,system_design
EXT-0327,ci_cd
EXT-0327,express
EXT-0327,html_css
EXT-0327,kubernetes
EXT-0327,linux
EXT-0327,mongodb
EXT-0327,nodejs
EXT-0327,react
EXT-0328,angular
EXT-0328,azure
EXT-0328,git
EXT-0328,kubernetes
EXT-0328,nodejs
EXT-0328,python
EXT-0328,react
EXT-0328,rest_apis
EXT-0329,angular
EXT-0329,aws
EXT-0329,azure
EXT-0329,docker
EXT-0329,express
EXT-0329,kubernetes
EXT-0329,linux
EXT-0329,nextjs
EXT-0329,nodejs
EXT-0329,react
EXT-0329,system_design
EXT-0330,express
EXT-0330,kubernetes
EXT-0330,nodejs
EXT-0330,postgresql
EXT-0330,react
EXT-0330,rest_apis
EXT-0330,system_design
EXT-0331,docker
EXT-0331,graphql
EXT-0331,html_css
EXT-0331,kubernetes
EXT-0331,linux
EXT-0331,nodejs
EXT-0331,python
EXT-0331,react
EXT-0331,system_design
EXT-0331,vue
EXT-0332,kafka
EXT-0332,kubernetes
EXT-0332,microservices
EXT-0332,nodejs
EXT-0332,react
EXT-0332,redis
EXT-0332,rest_apis
EXT-0332,terraform
EXT-0333,azure
EXT-0333,git
EXT-0333,graphql
EXT-0333,kubernetes
EXT-0333,nextjs
EXT-0333,nodejs
EXT-0333,react
EXT-0333,sql
EXT-0334,aws
EXT-0334,azure
EXT-0334,docker
EXT-0334,html_css
EXT-0334,kubernetes
EXT-0334,nextjs
EXT-0334,nodejs
EXT-0334,react
EXT-0335,docker
EXT-0335,gcp
EXT-0335,html_css
EXT-0335,javascript
EXT-0335,kubernetes
EXT-0335,nextjs
EXT-0335,nodejs
EXT-0335,react
EXT-0335,vue
EXT-0336,gcp
EXT-0336,git
EXT-0336,html_css
EXT-0336,kafka
EXT-0336,kubernetes
EXT-0336,mongodb
EXT-0336,nodejs
EXT-0336,react
EXT-0336,redis
EXT-0336,system_design
EXT-0336,typescript
EXT-0337,kafka
EXT-0337,kubernetes
EXT-0337,microservices
EXT-0337,nodejs
EXT-0337,react
EXT-0337,redis
EXT-0338,docker
EXT-0338,javascript
EXT-0338,jest
EXT-0338,kubernetes
EXT-0338,linux
EXT-0338,microservices
EXT-0338,nodejs
EXT-0338,react
EXT-0338,terraform
EXT-0338,typescript
EXT-0339,ci_cd
EXT-0339,graphql
EXT-0339,javascript
EXT-0339,kafka
EXT-0339,kubernetes
EXT-0339,microservices
EXT-0339,nextjs
EXT-0339,nodejs
EXT-0339,react
EXT-0340,graphql
EXT-0340,java
EXT-0340,kubernetes
EXT-0340,microservices
EXT-0340,nodejs
EXT-0340,react
EXT-0340,redis
EXT-0341,azure
EXT-0341,express
EXT-0341,javascript
EXT-0341,kafka
EXT-0341,kubernetes
EXT-0341,linux
EXT-0341,nodejs
EXT-0341,react
EXT-0342,azure
EXT-0342,git
EXT-0342,kubernetes
EXT-0342,nodejs
EXT-0342,react
EXT-0342,typescript
EXT-0343,angular
EXT-0343,git
EXT-0343,javascript
EXT-0343,kubernetes
EXT-0343,nodejs
EXT-0343,react
EXT-0343,vue
EXT-0344,azure
EXT-0344,express
EXT-0344,sql
EXT-0344,terraform
EXT-0344,typescript
EXT-0345,angular
EXT-0345,express
EXT-0345,javascript
EXT-0345,kubernetes
EXT-0345,linux
EXT-0345,microservices
EXT-0345,vue
EXT-0346,angular
EXT-0346,git
EXT-0346,graphql
EXT-0346,java
EXT-0346,kubernetes
EXT-0346,mongodb
EXT-0346,terraform
EXT-0347,aws
EXT-0347,html_css
EXT-0347,javascript
EXT-0347,postgresql
EXT-0347,python
EXT-0348,aws
EXT-0348,git
EXT-0348,javascript
EXT-0348,jest
EXT-0348,nextjs
EXT-0349,aws
EXT-0349,ci_cd
EXT-0349,git
EXT-0349,python
EXT-0349,vue
EXT-0350,angular
EXT-0350,azure
EXT-0350,java
EXT-0350,microservices
EXT-0350,typescript
EXT-0351,azure
EXT-0351,express
EXT-0351,html_css
EXT-0351,linux
EXT-0351,microservices
EXT-0351,postgresql
EXT-0351,python
EXT-0351,sql
EXT-0352,java
EXT-0352,javascript
EXT-0352,jest
EXT-0352,linux
EXT-0352,python
EXT-0352,sql
EXT-0352,vue
EXT-0353,docker
EXT-0353,gcp
EXT-0353,git
EXT-0353,java
EXT-0353,javascript
EXT-0353,microservices
EXT-0354,angular
EXT-0354,docker
EXT-0354,kubernetes
EXT-0354,redis
EXT-0355,angular
EXT-0355,javascript
EXT-0355,microservices
EXT-0355,system_design
EXT-0356,docker
EXT-0356,gcp
EXT-0356,git
EXT-0356,kafka
EXT-0356,kubernetes
EXT-0356,nodejs
EXT-0356,python
EXT-0356,react
EXT-0356,redis
EXT-0357,azure
EXT-0357,docker
EXT-0357,gcp
EXT-0357,git
EXT-0357,kubernetes
EXT-0357,nodejs
EXT-0357,react
EXT-0358,angular
EXT-0358,kubernetes
EXT-0358,microservices
EXT-0358,nodejs
EXT-0358,react
EXT-0358,redis
EXT-0359,azure
EXT-0359,html_css
EXT-0359,kubernetes
EXT-0359,mongodb
EXT-0359,nodejs
EXT-0359,python
EXT-0359,react
EXT-0360,express
EXT-0360,html_css
EXT-0360,kubernetes
EXT-0360,nodejs
EXT-0360,python
EXT-0360,react
EXT-0360,redis
EXT-0360,rest_apis
EXT-0360,system_design
EXT-0360,terraform
EXT-0361,ci_cd
EXT-0361,gcp
EXT-0361,java
EXT-0361,javascript
EXT-0361,kubernetes
EXT-0361,nodejs
EXT-0361,postgresql
EXT-0361,react
EXT-0362,angular
EXT-0362,aws
EXT-0362,azure
EXT-0362,express
EXT-0362,gcp
EXT-0362,html_css
EXT-0362,kubernetes
EXT-0362,nodejs
EXT-0362,react
EXT-0362,typescript
EXT-0363,aws
EXT-0363,docker
EXT-0363,express
EXT-0363,gcp
EXT-0363,kubernetes
EXT-0363,mongodb
EXT-0363,nextjs
EXT-0363,nodejs
EXT-0363,react
EXT-0364,java
EXT-0364,kubernetes
EXT-0364,nodejs
EXT-0364,react
EXT-0364,rest_apis
EXT-0364,system_design
EXT-0365,ci_cd
EXT-0365,docker
EXT-0365,graphql
EXT-0365,java
EXT-0365,javascript
EXT-0365,kubernetes
EXT-0365,linux
EXT-0365,microservices
EXT-0365,nodejs
EXT-0365,react
EXT-0365,rest_apis
EXT-0366,aws
EXT-0366,ci_cd
EXT-0366,gcp
EXT-0366,git
EXT-0366,jest
EXT-0366,kubernetes
EXT-0366,mongodb
EXT-0366,nodejs
EXT-0366,python
EXT-0366,react
EXT-0366,terraform
EXT-0367,ci_cd
EXT-0367,jest
EXT-0367,kubernetes
EXT-0367,nodejs
EXT-0367,python
EXT-0367,react
EXT-0367,redis
EXT-0367,rest_apis
EXT-0367,system_design
EXT-0368,aws
EXT-0368,express
EXT-0368,java
EXT-0368,kubernetes
EXT-0368,linux
EXT-0368,microservices
EXT-0368,mongodb
EXT-0368,nodejs
EXT-0368,react
EXT-0368,redis
EXT-0369,express
EXT-0369,git
EXT-0369,graphql
EXT-0369,jest
EXT-0369,kubernetes
EXT-0369,nextjs
EXT-0369,nodejs
EXT-0369,python
EXT-0369,react
EXT-0369,redis
EXT-0369,vue
EXT-0370,angular
EXT-0370,docker
EXT-0370,javascript
EXT-0370,kubernetes
EXT-0370,microservices
EXT-0370,mongodb
EXT-0370,nodejs
EXT-0370,react
EXT-0370,rest_apis
EXT-0371,angular
EXT-0371,aws
EXT-0371,azure
EXT-0371,ci_cd
EXT-0371,express
EXT-0371,javascript
EXT-0371,kubernetes
EXT-0371,nodejs
EXT-0371,postgresql
EXT-0371,react
EXT-0371,sql
EXT-0372,docker
EXT-0372,kubernetes
EXT-0372,nodejs
EXT-0372,react
EXT-0372,sql
EXT-0372,system_design
EXT-0372,terraform
EXT-0373,aws
EXT-0373,docker
EXT-0373,kubernetes
EXT-0373,nodejs
EXT-0373,react
EXT-0373,vue
EXT-0374,azure
EXT-0374,graphql
EXT-0374,javascript
EXT-0374,jest
EXT-0374,kubernetes
EXT-0374,linux
EXT-0374,mongodb
EXT-0374,nextjs
EXT-0374,nodejs
EXT-0374,react
EXT-0374,redis
EXT-0375,azure
EXT-0375,ci_cd
EXT-0375,gcp
EXT-0375,git
EXT-0375,kubernetes
EXT-0375,microservices
EXT-0375,nodejs
EXT-0375,python
EXT-0375,react
EXT-0375,redis
EXT-0375,rest_apis
EXT-0376,kafka
EXT-0376,kubernetes
EXT-0376,microservices
EXT-0376,nodejs
EXT-0376,react
EXT-0376,system_design
EXT-0377,angular
EXT-0377,jest
EXT-0377,kubernetes
EXT-0377,linux
EXT-0377,nodejs
EXT-0377,react
EXT-0377,rest_apis
EXT-0377,sql
EXT-0377,terraform
EXT-0378,express
EXT-0378,git
EXT-0378,javascript
EXT-0378,jest
EXT-0378,kubernetes
EXT-0378,mongodb
EXT-0378,nodejs
EXT-0378,postgresql
EXT-0378,react
EXT-0378,redis
EXT-0378,typescript
EXT-0379,graphql
EXT-0379,kubernetes
EXT-0379,nextjs
EXT-0379,nodejs
EXT-0379,postgresql
EXT-0379,react
EXT-0379,vue
EXT-0380,angular
EXT-0380,ci_cd
EXT-0380,docker
EXT-0380,kubernetes
EXT-0380,nodejs
EXT-0380,python
EXT-0380,react
EXT-0380,sql
EXT-0380,system_design
EXT-0380,terraform
EXT-0381,ci_cd
EXT-0381,express
EXT-0381,kubernetes
EXT-0381,nextjs
EXT-0381,nodejs
EXT-0381,python
EXT-0381,react
EXT-0381,redis
EXT-0382,docker
EXT-0382,express
EXT-0382,jest
EXT-0382,system_design
EXT-0383,azure
EXT-0383,express
EXT-0383,graphql
EXT-0383,java
EXT-0383,javascript
EXT-0383,microservices
EXT-0383,mongodb
EXT-0383,python
EXT-0384,aws
EXT-0384,azure
EXT-0384,ci_cd
EXT-0384,express
EXT-0384,gcp
EXT-0384,graphql
EXT-0384,postgresql
EXT-0384,terraform
EXT-0385,aws
EXT-0385,docker
EXT-0385,gcp
EXT-0385,mongodb
EXT-0385,python
EXT-0385,terraform
EXT-0386,azure
EXT-0386,html_css
EXT-0386,typescript
EXT-0387,aws
EXT-0387,ci_cd
EXT-0387,express
EXT-0387,git
EXT-0387,graphql
EXT-0387,jest
EXT-0387,redis
EXT-0387,typescript
EXT-0388,angular
EXT-0388,git
EXT-0388,graphql
EXT-0388,kafka
EXT-0388,linux
EXT-0388,microservices
EXT-0388,postgresql
EXT-0388,redis
EXT-0389,docker
EXT-0389,gcp
EXT-0389,html_css
EXT-0389,java
EXT-0389,nextjs
EXT-0389,postgresql
EXT-0389,terraform
EXT-0390,docker
EXT-0390,javascript
EXT-0390,kafka
EXT-0390,mongodb
EXT-0390,terraform
EXT-0391,ci_cd
EXT-0391,gcp
EXT-0391,java
EXT-0391,javascript
EXT-0391,kubernetes
EXT-0391,mongodb
EXT-0392,html_css
EXT-0392,javascript
EXT-0392,jest
EXT-0392,nodejs
EXT-0393,git
EXT-0393,html_css
EXT-0393,python
EXT-0393,sql
EXT-0393,typescript
EXT-0394,git
EXT-0394,html_css
EXT-0394,javascript
EXT-0394,python
EXT-0394,react
EXT-0394,typescript
EXT-0395,git
EXT-0395,html_css
EXT-0395,jest
EXT-0395,nodejs
EXT-0395,python
EXT-0395,react
EXT-0395,sql
EXT-0395,typescript
EXT-0396,git
EXT-0396,html_css
EXT-0396,nodejs
EXT-0396,python
EXT-0396,react
EXT-0396,sql
EXT-0396,typescript
EXT-0397,html_css
EXT-0397,javascript
EXT-0397,python
EXT-0398,git
EXT-0398,html_css
EXT-0398,nodejs
EXT-0399,git
EXT-0399,html_css
EXT-0399,javascript
EXT-0399,jest
EXT-0399,nodejs
EXT-0399,sql
EXT-0399,typescript
EXT-0400,git
EXT-0400,html_css
EXT-0400,javascript
EXT-0400,react
EXT-0400,typescript
EXT-0401,git
EXT-0401,javascript
EXT-0401,react
EXT-0401,sql
EXT-0402,git
EXT-0402,html_css
EXT-0402,jest
EXT-0402,nodejs
EXT-0402,react
EXT-0402,sql
EXT-0403,git
EXT-0403,nodejs
EXT-0403,sql
EXT-0403,typescript
EXT-0404,git
EXT-0404,html_css
EXT-0404,jest
EXT-0404,python
EXT-0405,git
EXT-0405,html_css
EXT-0405,javascript
EXT-0405,jest
EXT-0405,nodejs
EXT-0405,python
EXT-0405,react
EXT-0405,sql
EXT-0406,git
EXT-0406,javascript
EXT-0406,jest
EXT-0406,python
EXT-0407,html_css
EXT-0407,javascript
EXT-0407,jest
EXT-0407,python
EXT-0407,sql
EXT-0407,typescript
EXT-0408,git
EXT-0408,html_css
EXT-0408,jest
EXT-0408,nodejs
EXT-0408,python
EXT-0408,react
EXT-0408,typescript
EXT-0409,jest
EXT-0409,sql
EXT-0409,typescript
EXT-0410,git
EXT-0410,html_css
EXT-0410,javascript
EXT-0410,jest
EXT-0410,react
EXT-0410,sql
EXT-0411,javascript
EXT-0411,python
EXT-0411,sql
EXT-0412,html_css
EXT-0412,jest
EXT-0412,python
EXT-0412,react
EXT-0412,sql
EXT-0413,html_css
EXT-0413,javascript
EXT-0413,nodejs
EXT-0413,python
EXT-0413,sql
EXT-0413,typescript
EXT-0414,git
EXT-0414,html_css
EXT-0414,nodejs
EXT-0414,python
EXT-0414,sql
EXT-0415,git
EXT-0415,javascript
EXT-0415,jest
EXT-0415,python
EXT-0415,react
EXT-0415,sql
EXT-0415,typescript
EXT-0416,html_css
EXT-0416,javascript
EXT-0416,jest
EXT-0416,nodejs
EXT-0416,python
EXT-0416,sql
EXT-0416,typescript
EXT-0417,git
EXT-0417,html_css
EXT-0417,jest
EXT-0417,python
EXT-0417,typescript
EXT-0418,git
EXT-0418,html_css
EXT-0418,jest
EXT-0418,nodejs
EXT-0418,python
EXT-0418,react
EXT-0418,sql
EXT-0418,typescript
EXT-0419,git
EXT-0419,javascript
EXT-0419,jest
EXT-0419,nodejs
EXT-0419,react
EXT-0419,sql
EXT-0419,typescript
EXT-0420,git
EXT-0420,javascript
EXT-0420,react
EXT-0420,sql
EXT-0421,git
EXT-0421,javascript
EXT-0421,jest
EXT-0421,react
EXT-0422,html_css
EXT-0422,javascript
EXT-0422,jest
EXT-0422,python
EXT-0422,react
EXT-0422,typescript
EXT-0423,git
EXT-0423,javascript
EXT-0423,jest
EXT-0423,python
EXT-0423,react
EXT-0423,sql
EXT-0423,typescript
EXT-0424,html_css
EXT-0424,javascript
EXT-0424,jest
EXT-0424,sql
EXT-0424,typescript
EXT-0425,html_css
EXT-0425,javascript
EXT-0425,nodejs
EXT-0425,python
EXT-0425,sql
EXT-0425,typescript
EXT-0426,git
EXT-0426,html_css
EXT-0426,python
EXT-0427,git
EXT-0427,html_css
EXT-0427,javascript
EXT-0427,jest
EXT-0427,nodejs
EXT-0427,python
EXT-0427,typescript
EXT-0428,html_css
EXT-0428,javascript
EXT-0428,jest
EXT-0428,nodejs
EXT-0428,react
EXT-0428,sql
EXT-0428,typescript
EXT-0429,git
EXT-0429,javascript
EXT-0429,jest
EXT-0429,nodejs
EXT-0429,python
EXT-0429,react
EXT-0429,sql
EXT-0429,typescript
EXT-0430,html_css
EXT-0430,jest
EXT-0430,python
EXT-0430,typescript
EXT-0431,git
EXT-0431,javascript
EXT-0431,jest
EXT-0431,nodejs
EXT-0431,python
EXT-0431,sql
EXT-0431,typescript
EXT-0432,html_css
EXT-0432,javascript
EXT-0432,jest
EXT-0432,nodejs
EXT-0432,python
EXT-0432,react
EXT-0432,sql
EXT-0433,html_css
EXT-0433,python
EXT-0433,sql
EXT-0434,git
EXT-0434,html_css
EXT-0434,sql
EXT-0435,git
EXT-0435,html_css
EXT-0435,javascript
EXT-0435,jest
EXT-0435,nodejs
EXT-0435,react
EXT-0435,sql
EXT-0436,git
EXT-0436,html_css
EXT-0436,jest
EXT-0436,nodejs
EXT-0436,react
EXT-0436,sql
EXT-0436,typescript
EXT-0437,python
EXT-0437,react
EXT-0437,sql
EXT-0437,typescript
EXT-0438,git
EXT-0438,python
EXT-0438,react
EXT-0439,git
EXT-0439,html_css
EXT-0439,javascript
EXT-0439,jest
EXT-0439,nodejs
EXT-0439,python
EXT-0439,sql
EXT-0439,typescript
EXT-0440,git
EXT-0440,html_css
EXT-0440,javascript
EXT-0440,jest
EXT-0440,nodejs
EXT-0440,python
EXT-0440,typescript
EXT-0441,git
EXT-0441,html_css
EXT-0441,javascript
EXT-0441,jest
EXT-0441,nodejs
EXT-0441,python
EXT-0441,react
EXT-0441,typescript
EXT-0442,git
EXT-0442,nodejs
EXT-0442,typescript
EXT-0443,git
EXT-0443,html_css
EXT-0443,javascript
EXT-0443,jest
EXT-0443,react
EXT-0443,sql
EXT-0443,typescript
EXT-0444,html_css
EXT-0444,nodejs
EXT-0444,sql
EXT-0444,typescript
EXT-0445,html_css
EXT-0445,jest
EXT-0445,nodejs
EXT-0445,react
EXT-0446,git
EXT-0446,jest
EXT-0446,nodejs
EXT-0446,python
EXT-0446,react
EXT-0446,sql
EXT-0446,typescript
EXT-0447,html_css
EXT-0447,javascript
EXT-0447,jest
EXT-0447,python
EXT-0447,sql
EXT-0447,typescript
EXT-0448,git
EXT-0448,javascript
EXT-0448,sql
EXT-0449,git
EXT-0449,javascript
EXT-0449,python
EXT-0449,react
EXT-0450,git
EXT-0450,html_css
EXT-0450,javascript
EXT-0450,python
EXT-0451,javascript
EXT-0451,python
EXT-0451,react
EXT-0451,typescript
EXT-0452,git
EXT-0452,html_css
EXT-0452,javascript
EXT-0452,jest
EXT-0452,react
EXT-0452,sql
EXT-0453,jest
EXT-0453,sql
EXT-0453,typescript
EXT-0454,git
EXT-0454,javascript
EXT-0454,jest
EXT-0454,nodejs
EXT-0454,typescript
EXT-0455,git
EXT-0455,javascript
EXT-0455,jest
EXT-0455,nodejs
EXT-0455,python
EXT-0455,react
EXT-0455,sql
EXT-0455,typescript
EXT-0456,jest
EXT-0456,nodejs
EXT-0456,sql
EXT-0456,typescript
EXT-0457,git
EXT-0457,javascript
EXT-0457,jest
EXT-0457,nodejs
EXT-0457,python
EXT-0457,react
EXT-0457,sql
EXT-0457,typescript
EXT-0458,html_css
EXT-0458,jest
EXT-0458,python
EXT-0458,sql
EXT-0459,git
EXT-0459,html_css
EXT-0459,javascript
EXT-0459,nodejs
EXT-0459,react
EXT-0459,sql
EXT-0459,typescript
EXT-0460,git
EXT-0460,html_css
EXT-0460,javascript
EXT-0460,jest
EXT-0460,nodejs
EXT-0460,python
EXT-0460,react
EXT-0460,sql
EXT-0461,git
EXT-0461,html_css
EXT-0461,jest
EXT-0461,nodejs
EXT-0461,react
EXT-0461,sql
EXT-0461,typescript
EXT-0462,git
EXT-0462,python
EXT-0462,sql
EXT-0462,typescript
EXT-0463,git
EXT-0463,html_css
EXT-0463,nodejs
EXT-0463,python
EXT-0464,html_css
EXT-0464,python
EXT-0464,sql
EXT-0465,html_css
EXT-0465,react
EXT-0465,typescript
EXT-0466,git
EXT-0466,html_css
EXT-0466,javascript
EXT-0466,jest
EXT-0466,sql
EXT-0466,typescript
EXT-0467,git
EXT-0467,html_css
EXT-0467,jest
EXT-0467,python
EXT-0467,react
EXT-0468,html_css
EXT-0468,javascript
EXT-0468,python
EXT-0468,react
EXT-0468,typescript
EXT-0469,html_css
EXT-0469,javascript
EXT-0469,jest
EXT-0469,react
EXT-0470,git
EXT-0470,html_css
EXT-0470,javascript
EXT-0470,jest
EXT-0470,react
EXT-0470,sql
EXT-0470,typescript
EXT-0471,git
EXT-0471,jest
EXT-0471,nodejs
EXT-0472,html_css
EXT-0472,javascript
EXT-0472,jest
EXT-0472,python
EXT-0472,react
EXT-0472,typescript
EXT-0473,git
EXT-0473,python
EXT-0473,react
EXT-0473,typescript
EXT-0474,git
EXT-0474,html_css
EXT-0474,javascript
EXT-0474,jest
EXT-0474,python
EXT-0474,sql
EXT-0474,typescript
EXT-0475,git
EXT-0475,html_css
EXT-0475,javascript
EXT-0475,jest
EXT-0475,nodejs
EXT-0475,python
EXT-0475,react
EXT-0475,typescript
EXT-0476,html_css
EXT-0476,javascript
EXT-0476,jest
EXT-0476,python
EXT-0476,typescript
EXT-0477,html_css
EXT-0477,javascript
EXT-0477,jest
EXT-0477,nodejs
EXT-0477,python
EXT-0477,react
EXT-0477,sql
EXT-0477,typescript
EXT-0478,git
EXT-0478,html_css
EXT-0478,python
EXT-0478,react
EXT-0479,git
EXT-0479,html_css
EXT-0479,jest
EXT-0479,python
EXT-0479,sql
EXT-0479,typescript
EXT-0480,javascript
EXT-0480,nodejs
EXT-0480,sql
EXT-0480,typescript
EXT-0481,html_css
EXT-0481,javascript
EXT-0481,jest
EXT-0481,nodejs
EXT-0481,python
EXT-0481,react
EXT-0481,typescript
EXT-0482,javascript
EXT-0482,jest
EXT-0482,python
EXT-0482,react
EXT-0482,typescript
EXT-0483,git
EXT-0483,html_css
EXT-0483,javascript
EXT-0483,jest
EXT-0483,nodejs
EXT-0483,react
EXT-0483,sql
EXT-0483,typescript
EXT-0484,git
EXT-0484,jest
EXT-0484,nodejs
EXT-0484,react
EXT-0484,sql
EXT-0484,typescript
EXT-0485,git
EXT-0485,html_css
EXT-0485,javascript
EXT-0485,python
EXT-0485,sql
EXT-0485,typescript
EXT-0486,git
EXT-0486,jest
EXT-0486,nodejs
EXT-0486,react
EXT-0487,git
EXT-0487,html_css
EXT-0487,javascript
EXT-0487,jest
EXT-0487,python
EXT-0487,react
EXT-0487,typescript
EXT-0488,javascript
EXT-0488,jest
EXT-0488,python
EXT-0488,react
EXT-0488,typescript
EXT-0489,git
EXT-0489,html_css
EXT-0489,javascript
EXT-0489,nodejs
EXT-0489,sql
EXT-0490,git
EXT-0490,html_css
EXT-0490,javascript
EXT-0490,jest
EXT-0490,nodejs
EXT-0490,python
EXT-0490,sql
EXT-0490,typescript
EXT-0491,html_css
EXT-0491,javascript
EXT-0491,jest
EXT-0491,nodejs
EXT-0491,python
EXT-0492,git
EXT-0492,jest
EXT-0492,mongodb
EXT-0492,python
EXT-0492,react
EXT-0493,docker
EXT-0493,git
EXT-0493,html_css
EXT-0493,mongodb
EXT-0493,postgresql
EXT-0493,react
EXT-0493,sql
EXT-0493,typescript
EXT-0494,javascript
EXT-0494,jest
EXT-0494,postgresql
EXT-0494,python
EXT-0494,rest_apis
EXT-0495,javascript
EXT-0495,python
EXT-0495,react
EXT-0495,rest_apis
EXT-0496,javascript
EXT-0496,python
EXT-0496,react
EXT-0497,express
EXT-0497,javascript
EXT-0497,jest
EXT-0497,nodejs
EXT-0497,react
EXT-0497,rest_apis
EXT-0497,sql
EXT-0497,typescript
EXT-0498,git
EXT-0498,mongodb
EXT-0498,postgresql
EXT-0499,ci_cd
EXT-0499,docker
EXT-0499,git
EXT-0499,html_css
EXT-0499,nodejs
EXT-0499,python
EXT-0499,sql
EXT-0500,express
EXT-0500,python
EXT-0500,react
EXT-0500,rest_apis
EXT-0500,typescript
EXT-0501,ci_cd
EXT-0501,docker
EXT-0501,express
EXT-0501,git
EXT-0501,javascript
EXT-0501,python
EXT-0501,typescript
EXT-0502,docker
EXT-0502,git
EXT-0502,javascript
EXT-0502,sql
EXT-0503,ci_cd
EXT-0503,docker
EXT-0503,express
EXT-0503,git
EXT-0503,html_css
EXT-0503,javascript
EXT-0503,typescript
EXT-0504,git
EXT-0504,javascript
EXT-0504,jest
EXT-0504,nodejs
EXT-0504,react
EXT-0505,ci_cd
EXT-0505,express
EXT-0505,git
EXT-0505,javascript
EXT-0505,jest
EXT-0505,postgresql
EXT-0505,python
EXT-0506,ci_cd
EXT-0506,html_css
EXT-0506,javascript
EXT-0507,docker
EXT-0507,html_css
EXT-0507,jest
EXT-0507,python
EXT-0507,typescript
EXT-0508,express
EXT-0508,jest
EXT-0508,mongodb
EXT-0508,postgresql
EXT-0509,mongodb
EXT-0509,postgresql
EXT-0509,sql
EXT-0510,jest
EXT-0510,react
EXT-0510,rest_apis
EXT-0511,docker
EXT-0511,git
EXT-0511,html_css
EXT-0511,python
EXT-0511,typescript
EXT-0512,ci_cd
EXT-0512,git
EXT-0512,html_css
EXT-0512,nodejs
EXT-0512,react
EXT-0512,sql
EXT-0513,python
EXT-0513,rest_apis
EXT-0513,typescript
EXT-0514,docker
EXT-0514,mongodb
EXT-0514,nodejs
EXT-0514,typescript
EXT-0515,git
EXT-0515,javascript
EXT-0515,jest
EXT-0515,mongodb
EXT-0515,postgresql
EXT-0515,react
EXT-0515,rest_apis
EXT-0515,typescript
EXT-0516,ci_cd
EXT-0516,docker
EXT-0516,javascript
EXT-0516,rest_apis
EXT-0516,sql
EXT-0516,typescript
EXT-0517,ci_cd
EXT-0517,html_css
EXT-0517,jest
EXT-0517,nodejs
EXT-0517,postgresql
EXT-0517,rest_apis
EXT-0517,sql
EXT-0518,express
EXT-0518,html_css
EXT-0518,postgresql
EXT-0518,typescript
EXT-0519,javascript
EXT-0519,mongodb
EXT-0519,python
EXT-0520,html_css
EXT-0520,javascript
EXT-0520,mongodb
EXT-0520,postgresql
EXT-0520,typescript
EXT-0521,html_css
EXT-0521,javascript
EXT-0521,jest
EXT-0521,nodejs
EXT-0521,postgresql
EXT-0521,sql
EXT-0522,ci_cd
EXT-0522,jest
EXT-0522,postgresql
EXT-0522,react
EXT-0523,docker
EXT-0523,html_css
EXT-0523,jest
EXT-0523,nodejs
EXT-0523,postgresql
EXT-0523,python
EXT-0523,rest_apis
EXT-0523,sql
EXT-0524,docker
EXT-0524,express
EXT-0524,rest_apis
EXT-0524,typescript
EXT-0525,ci_cd
EXT-0525,express
EXT-0525,git
EXT-0525,nodejs
EXT-0525,postgresql
EXT-0525,sql
EXT-0526,ci_cd
EXT-0526,express
EXT-0526,postgresql
EXT-0526,python
EXT-0526,rest_apis
EXT-0526,typescript
EXT-0527,express
EXT-0527,html_css
EXT-0527,javascript
EXT-0527,mongodb
EXT-0527,rest_apis
EXT-0527,sql
EXT-0528,ci_cd
EXT-0528,docker
EXT-0528,git
EXT-0528,react
EXT-0529,ci_cd
EXT-0529,express
EXT-0529,git
EXT-0529,javascript
EXT-0529,postgresql
EXT-0529,react
EXT-0530,docker
EXT-0530,git
EXT-0530,javascript
EXT-0530,mongodb
EXT-0530,react
EXT-0530,sql
EXT-0531,ci_cd
EXT-0531,express
EXT-0531,html_css
EXT-0531,mongodb
EXT-0531,nodejs
EXT-0531,postgresql
EXT-0531,python
EXT-0532,html_css
EXT-0532,javascript
EXT-0532,jest
EXT-0532,nodejs
EXT-0532,postgresql
EXT-0532,rest_apis
EXT-0533,express
EXT-0533,html_css
EXT-0533,javascript
EXT-0533,jest
EXT-0533,mongodb
EXT-0533,postgresql
EXT-0534,javascript
EXT-0534,mongodb
EXT-0534,python
EXT-0534,react
EXT-0534,rest_apis
EXT-0534,sql
EXT-0535,ci_cd
EXT-0535,express
EXT-0535,html_css
EXT-0535,javascript
EXT-0535,nodejs
EXT-0535,python
EXT-0535,typescript
EXT-0536,jest
EXT-0536,python
EXT-0536,rest_apis
EXT-0536,sql
EXT-0536,typescript
EXT-0537,git
EXT-0537,postgresql
EXT-0537,python
EXT-0537,sql
EXT-0538,nodejs
EXT-0538,react
EXT-0538,rest_apis
EXT-0539,html_css
EXT-0539,javascript
EXT-0539,jest
EXT-0539,python
EXT-0540,ci_cd
EXT-0540,git
EXT-0540,javascript
EXT-0540,nodejs
EXT-0540,postgresql
EXT-0540,rest_apis
EXT-0540,sql
EXT-0541,docker
EXT-0541,javascript
EXT-0541,jest
EXT-0541,mongodb
EXT-0541,nodejs
EXT-0541,postgresql
EXT-0541,python
EXT-0541,sql
EXT-0542,docker
EXT-0542,javascript
EXT-0542,postgresql
EXT-0542,python
EXT-0542,react
EXT-0542,typescript
EXT-0543,react
EXT-0543,rest_apis
EXT-0543,sql
EXT-0543,typescript
EXT-0544,git
EXT-0544,html_css
EXT-0544,rest_apis
EXT-0544,typescript
EXT-0545,express
EXT-0545,jest
EXT-0545,mongodb
EXT-0545,nodejs
EXT-0545,postgresql
EXT-0546,html_css
EXT-0546,mongodb
EXT-0546,nodejs
EXT-0546,postgresql
EXT-0546,react
EXT-0547,docker
EXT-0547,git
EXT-0547,javascript
EXT-0547,jest
EXT-0547,postgresql
EXT-0547,react
EXT-0547,sql
EXT-0548,docker
EXT-0548,html_css
EXT-0548,postgresql
EXT-0548,rest_apis
EXT-0548,sql
EXT-0548,typescript
EXT-0549,javascript
EXT-0549,jest
EXT-0549,postgresql
EXT-0549,rest_apis
EXT-0550,ci_cd
EXT-0550,jest
EXT-0550,postgresql
EXT-0550,python
EXT-0551,ci_cd
EXT-0551,express
EXT-0551,mongodb
EXT-0551,python
EXT-0552,ci_cd
EXT-0552,kubernetes
EXT-0552,mongodb
EXT-0552,typescript
EXT-0553,azure
EXT-0553,linux
EXT-0553,terraform
EXT-0554,docker
EXT-0554,jest
EXT-0554,nextjs
EXT-0554,rest_apis
EXT-0555,docker
EXT-0555,express
EXT-0555,microservices
EXT-0555,nodejs
EXT-0556,java
EXT-0556,nextjs
EXT-0556,typescript
EXT-0556,vue
EXT-0557,graphql
EXT-0557,java
EXT-0557,linux
EXT-0557,nodejs
EXT-0557,python
EXT-0557,typescript
EXT-0558,git
EXT-0558,nextjs
EXT-0558,postgresql
EXT-0559,aws
EXT-0559,html_css
EXT-0559,linux
EXT-0559,microservices
EXT-0559,mongodb
EXT-0559,postgresql
EXT-0559,redis
EXT-0559,system_design
EXT-0560,html_css
EXT-0560,java
EXT-0560,jest
EXT-0560,system_design
EXT-0561,azure
EXT-0561,git
EXT-0561,graphql
EXT-0561,nodejs
EXT-0561,react
EXT-0561,rest_apis
EXT-0561,sql
EXT-0561,terraform
EXT-0562,angular
EXT-0562,aws
EXT-0562,nextjs
EXT-0563,docker
EXT-0563,git
EXT-0563,java
EXT-0563,jest
EXT-0564,ci_cd
EXT-0564,kafka
EXT-0564,kubernetes
EXT-0564,linux
EXT-0564,microservices
EXT-0564,nextjs
EXT-0564,postgresql
EXT-0564,typescript
EXT-0565,gcp
EXT-0565,graphql
EXT-0565,jest
EXT-0565,nodejs
EXT-0565,react
EXT-0566,aws
EXT-0566,azure
EXT-0566,docker
EXT-0566,linux
EXT-0566,sql
EXT-0567,git
EXT-0567,jest
EXT-0567,nodejs
EXT-0567,python
EXT-0567,react
EXT-0567,typescript
EXT-0568,html_css
EXT-0568,javascript
EXT-0568,nodejs
EXT-0568,react
EXT-0568,typescript
EXT-0569,html_css
EXT-0569,nodejs
EXT-0569,typescript
EXT-0570,html_css
EXT-0570,javascript
EXT-0570,jest
EXT-0570,python
EXT-0570,react
EXT-0570,typescript
EXT-0571,git
EXT-0571,html_css
EXT-0571,javascript
EXT-0571,nodejs
EXT-0571,python
EXT-0571,react
EXT-0571,sql
EXT-0571,typescript
EXT-0572,html_css
EXT-0572,jest
EXT-0572,react
EXT-0572,typescript
EXT-0573,git
EXT-0573,javascript
EXT-0573,jest
EXT-0573,nodejs
EXT-0573,python
EXT-0573,react
EXT-0573,sql
EXT-0574,jest
EXT-0574,nodejs
EXT-0574,sql
EXT-0574,typescript
EXT-0575,git
EXT-0575,html_css
EXT-0575,javascript
EXT-0575,jest
EXT-0575,python
EXT-0575,sql
EXT-0576,html_css
EXT-0576,javascript
EXT-0576,jest
EXT-0576,nodejs
EXT-0576,python
EXT-0576,sql
EXT-0576,typescript
EXT-0577,git
EXT-0577,html_css
EXT-0577,javascript
EXT-0577,jest
EXT-0577,nodejs
EXT-0577,python
EXT-0577,react
EXT-0577,sql
EXT-0578,nodejs
EXT-0578,python
EXT-0578,react
EXT-0578,typescript
EXT-0579,javascript
EXT-0579,jest
EXT-0579,nodejs
EXT-0579,python
EXT-0579,react
EXT-0579,sql
EXT-0580,git
EXT-0580,javascript
EXT-0580,nodejs
EXT-0580,sql
EXT-0580,typescript
EXT-0581,html_css
EXT-0581,react
EXT-0581,typescript
EXT-0582,git
EXT-0582,html_css
EXT-0582,javascript
EXT-0582,nodejs
EXT-0582,python
EXT-0582,react
EXT-0583,git
EXT-0583,javascript
EXT-0583,typescript
EXT-0584,javascript
EXT-0584,python
EXT-0584,sql
EXT-0585,git
EXT-0585,javascript
EXT-0585,nodejs
EXT-0585,python
EXT-0586,html_css
EXT-0586,javascript
EXT-0586,jest
EXT-0586,nodejs
EXT-0586,react
EXT-0586,typescript
EXT-0587,git
EXT-0587,html_css
EXT-0587,jest
EXT-0587,python
EXT-0587,sql
EXT-0588,html_css
EXT-0588,javascript
EXT-0588,python
EXT-0588,sql
EXT-0588,typescript
EXT-0589,git
EXT-0589,html_css
EXT-0589,javascript
EXT-0589,nodejs
EXT-0589,typescript
EXT-0590,html_css
EXT-0590,python
EXT-0590,sql
EXT-0591,javascript
EXT-0591,jest
EXT-0591,nodejs
EXT-0591,python
EXT-0591,sql
EXT-0591,typescript
EXT-0592,javascript
EXT-0592,jest
EXT-0592,nodejs
EXT-0592,python
EXT-0592,react
EXT-0592,sql
EXT-0592,typescript
EXT-0593,git
EXT-0593,nodejs
EXT-0593,react
EXT-0593,sql
EXT-0593,typescript
EXT-0594,git
EXT-0594,javascript
EXT-0594,react
EXT-0594,sql
EXT-0595,git
EXT-0595,html_css
EXT-0595,javascript
EXT-0595,jest
EXT-0595,react
EXT-0595,sql
EXT-0595,typescript
EXT-0596,git
EXT-0596,javascript
EXT-0596,jest
EXT-0596,nodejs
EXT-0596,python
EXT-0596,sql
EXT-0596,typescript
EXT-0597,git
EXT-0597,html_css
EXT-0597,javascript
EXT-0597,nodejs
EXT-0597,python
EXT-0597,react
EXT-0597,sql
EXT-0597,typescript
EXT-0598,html_css
EXT-0598,jest
EXT-0598,nodejs
EXT-0598,react
EXT-0598,sql
EXT-0598,typescript
EXT-0599,nodejs
EXT-0599,python
EXT-0599,react
EXT-0599,sql
EXT-0599,typescript
EXT-0600,html_css
EXT-0600,javascript
EXT-0600,nodejs
EXT-0600,python
EXT-0600,react
EXT-0600,sql
EXT-0600,typescript
EXT-0601,git
EXT-0601,javascript
EXT-0601,jest
EXT-0601,nodejs
EXT-0601,python
EXT-0601,typescript
EXT-0602,git
EXT-0602,jest
EXT-0602,sql
EXT-0603,javascript
EXT-0603,nodejs
EXT-0603,react
EXT-0603,typescript
EXT-0604,javascript
EXT-0604,jest
EXT-0604,sql
EXT-0605,git
EXT-0605,html_css
EXT-0605,jest
EXT-0605,nodejs
EXT-0605,python
EXT-0605,react
EXT-0605,sql
EXT-0605,typescript
EXT-0606,jest
EXT-0606,nodejs
EXT-0606,python
EXT-0606,react
EXT-0606,typescript
EXT-0607,git
EXT-0607,html_css
EXT-0607,nodejs
EXT-0607,python
EXT-0607,sql
EXT-0607,typescript
EXT-0608,git
EXT-0608,javascript
EXT-0608,nodejs
EXT-0608,react
EXT-0609,git
EXT-0609,html_css
EXT-0609,javascript
EXT-0609,sql
EXT-0609,typescript
EXT-0610,git
EXT-0610,html_css
EXT-0610,nodejs
EXT-0610,python
EXT-0610,react
EXT-0610,typescript
EXT-0611,git
EXT-0611,javascript
EXT-0611,jest
EXT-0611,nodejs
EXT-0611,react
EXT-0612,git
EXT-0612,javascript
EXT-0612,jest
EXT-0612,nodejs
EXT-0612,react
EXT-0612,sql
EXT-0612,typescript
EXT-0613,git
EXT-0613,html_css
EXT-0613,javascript
EXT-0613,jest
EXT-0613,nodejs
EXT-0613,python
EXT-0613,typescript
EXT-0614,git
EXT-0614,javascript
EXT-0614,jest
EXT-0614,nodejs
EXT-0614,python
EXT-0614,react
EXT-0614,sql
EXT-0614,typescript
EXT-0615,git
EXT-0615,html_css
EXT-0615,javascript
EXT-0615,jest
EXT-0615,nodejs
EXT-0615,python
EXT-0615,react
EXT-0615,sql
EXT-0616,javascript
EXT-0616,nodejs
EXT-0616,python
EXT-0617,ci_cd
EXT-0617,express
EXT-0617,javascript
EXT-0617,mongodb
EXT-0617,postgresql
EXT-0617,python
EXT-0617,rest_apis
EXT-0617,typescript
EXT-0618,ci_cd
EXT-0618,javascript
EXT-0618,nodejs
EXT-0618,postgresql
EXT-0618,react
EXT-0618,rest_apis
EXT-0618,sql
EXT-0618,typescript
EXT-0619,git
EXT-0619,javascript
EXT-0619,jest
EXT-0619,mongodb
EXT-0619,nodejs
EXT-0619,postgresql
EXT-0619,python
EXT-0619,typescript
EXT-0620,ci_cd
EXT-0620,docker
EXT-0620,html_css
EXT-0620,jest
EXT-0620,python
EXT-0620,react
EXT-0621,ci_cd
EXT-0621,git
EXT-0621,html_css
EXT-0621,jest
EXT-0621,postgresql
EXT-0621,python
EXT-0621,react
EXT-0621,rest_apis
EXT-0622,ci_cd
EXT-0622,express
EXT-0622,git
EXT-0622,jest
EXT-0622,mongodb
EXT-0622,react
EXT-0622,sql
EXT-0623,express
EXT-0623,git
EXT-0623,html_css
EXT-0623,jest
EXT-0623,mongodb
EXT-0623,react
EXT-0623,sql
EXT-0623,typescript
EXT-0624,ci_cd
EXT-0624,docker
EXT-0624,html_css
EXT-0624,jest
EXT-0624,python
EXT-0624,react
EXT-0624,rest_apis
EXT-0625,express
EXT-0625,javascript
EXT-0625,nodejs
EXT-0625,react
EXT-0625,sql
EXT-0625,typescript
EXT-0626,ci_cd
EXT-0626,html_css
EXT-0626,javascript
EXT-0626,postgresql
EXT-0626,python
EXT-0627,express
EXT-0627,git
EXT-0627,javascript
EXT-0627,jest
EXT-0627,nodejs
EXT-0627,postgresql
EXT-0627,python
EXT-0627,sql
EXT-0628,git
EXT-0628,html_css
EXT-0628,jest
EXT-0628,nodejs
EXT-0628,python
EXT-0628,react
EXT-0628,typescript
EXT-0629,ci_cd
EXT-0629,docker
EXT-0629,mongodb
EXT-0629,python
EXT-0629,sql
EXT-0630,docker
EXT-0630,javascript
EXT-0630,mongodb
EXT-0630,postgresql
EXT-0630,sql
EXT-0630,typescript
EXT-0631,ci_cd
EXT-0631,docker
EXT-0631,express
EXT-0631,jest
EXT-0631,nodejs
EXT-0631,postgresql
EXT-0631,react
EXT-0631,typescript
EXT-0632,html_css
EXT-0632,python
EXT-0632,sql
EXT-0633,ci_cd
EXT-0633,nodejs
EXT-0633,python
EXT-0633,rest_apis
EXT-0634,ci_cd
EXT-0634,express
EXT-0634,react
EXT-0635,docker
EXT-0635,express
EXT-0635,git
EXT-0635,mongodb
EXT-0635,postgresql
EXT-0635,react
EXT-0635,sql
EXT-0636,javascript
EXT-0636,jest
EXT-0636,python
EXT-0637,ci_cd
EXT-0637,git
EXT-0637,html_css
EXT-0637,mongodb
EXT-0637,postgresql
EXT-0637,python
EXT-0637,react
EXT-0637,typescript
EXT-0638,ci_cd
EXT-0638,html_css
EXT-0638,javascript
EXT-0638,mongodb
EXT-0638,nodejs
EXT-0638,postgresql
EXT-0638,python
EXT-0638,sql
EXT-0639,javascript
EXT-0639,jest
EXT-0639,postgresql
EXT-0640,express
EXT-0640,html_css
EXT-0640,javascript
EXT-0640,postgresql
EXT-0640,react
EXT-0640,sql
EXT-0640,typescript
EXT-0641,docker
EXT-0641,html_css
EXT-0641,javascript
EXT-0641,mongodb
EXT-0641,nodejs
EXT-0641,postgresql
EXT-0641,sql
EXT-0642,html_css
EXT-0642,nodejs
EXT-0642,sql
EXT-0643,ci_cd
EXT-0643,docker
EXT-0643,git
EXT-0643,mongodb
EXT-0643,postgresql
EXT-0643,rest_apis
EXT-0643,typescript
EXT-0644,git
EXT-0644,html_css
EXT-0644,postgresql
EXT-0644,typescript
EXT-0645,ci_cd
EXT-0645,express
EXT-0645,jest
EXT-0645,nodejs
EXT-0645,python
EXT-0646,docker
EXT-0646,mongodb
EXT-0646,nodejs
EXT-0646,postgresql
EXT-0647,ci_cd
EXT-0647,express
EXT-0647,git
EXT-0647,javascript
EXT-0647,nodejs
EXT-0647,python
EXT-0647,rest_apis
EXT-0648,ci_cd
EXT-0648,docker
EXT-0648,git
EXT-0648,jest
EXT-0648,postgresql
EXT-0648,rest_apis
EXT-0649,ci_cd
EXT-0649,express
EXT-0649,git
EXT-0649,jest
EXT-0649,react
EXT-0649,rest_apis
EXT-0649,sql
EXT-0649,typescript
EXT-0650,express
EXT-0650,git
EXT-0650,html_css
EXT-0650,javascript
EXT-0650,mongodb
EXT-0650,postgresql
EXT-0650,rest_apis
EXT-0651,ci_cd
EXT-0651,git
EXT-0651,javascript
EXT-0651,jest
EXT-0651,typescript
EXT-0652,docker
EXT-0652,express
EXT-0652,git
EXT-0652,html_css
EXT-0652,javascript
EXT-0652,mongodb
EXT-0652,python
EXT-0653,html_css
EXT-0653,javascript
EXT-0653,jest
EXT-0654,docker
EXT-0654,express
EXT-0654,jest
EXT-0654,nodejs
EXT-0654,postgresql
EXT-0654,rest_apis
EXT-0655,ci_cd
EXT-0655,docker
EXT-0655,express
EXT-0655,html_css
EXT-0655,jest
EXT-0655,mongodb
EXT-0655,react
EXT-0655,typescript
EXT-0656,docker
EXT-0656,html_css
EXT-0656,jest
EXT-0656,postgresql
EXT-0656,react
EXT-0656,sql
EXT-0657,nodejs
EXT-0657,react
EXT-0657,sql
EXT-0658,html_css
EXT-0658,nodejs
EXT-0658,react
EXT-0659,git
EXT-0659,javascript
EXT-0659,jest
EXT-0659,python
EXT-0659,react
EXT-0660,git
EXT-0660,html_css
EXT-0660,javascript
EXT-0660,nodejs
EXT-0660,python
EXT-0660,react
EXT-0660,sql
EXT-0660,typescript
EXT-0661,git
EXT-0661,html_css
EXT-0661,javascript
EXT-0661,react
EXT-0661,sql
EXT-0661,typescript
EXT-0662,html_css
EXT-0662,jest
EXT-0662,nodejs
EXT-0662,python
EXT-0662,react
EXT-0662,sql
EXT-0662,typescript
EXT-0663,git
EXT-0663,html_css
EXT-0663,javascript
EXT-0663,python
EXT-0663,react
EXT-0663,sql
EXT-0663,typescript
EXT-0664,html_css
EXT-0664,javascript
EXT-0664,jest
EXT-0664,nodejs
EXT-0664,python
EXT-0664,sql
EXT-0664,typescript
EXT-0665,git
EXT-0665,html_css
EXT-0665,javascript
EXT-0665,jest
EXT-0665,python
EXT-0665,typescript
EXT-0666,git
EXT-0666,nodejs
EXT-0666,python
EXT-0666,react
EXT-0667,html_css
EXT-0667,javascript
EXT-0667,jest
EXT-0667,nodejs
EXT-0667,python
EXT-0667,react
EXT-0667,sql
EXT-0667,typescript
EXT-0668,html_css
EXT-0668,javascript
EXT-0668,jest
EXT-0668,sql
EXT-0668,typescript
EXT-0669,git
EXT-0669,html_css
EXT-0669,jest
EXT-0669,react
EXT-0670,nodejs
EXT-0670,react
EXT-0670,sql
EXT-0671,nodejs
EXT-0671,react
EXT-0671,sql
EXT-0671,typescript
EXT-0672,git
EXT-0672,jest
EXT-0672,nodejs
EXT-0672,react
EXT-0672,sql
EXT-0673,jest
EXT-0673,nodejs
EXT-0673,react
EXT-0673,sql
EXT-0673,typescript
EXT-0674,git
EXT-0674,html_css
EXT-0674,javascript
EXT-0674,jest
EXT-0674,typescript
EXT-0675,git
EXT-0675,javascript
EXT-0675,python
EXT-0675,react
EXT-0675,sql
EXT-0675,typescript
EXT-0676,git
EXT-0676,html_css
EXT-0676,nodejs
EXT-0676,python
EXT-0676,react
EXT-0676,sql
EXT-0676,typescript
EXT-0677,git
EXT-0677,javascript
EXT-0677,jest
EXT-0677,python
EXT-0677,react
EXT-0677,typescript
EXT-0678,git
EXT-0678,javascript
EXT-0678,nodejs
EXT-0678,python
EXT-0678,react
EXT-0678,typescript
EXT-0679,git
EXT-0679,html_css
EXT-0679,nodejs
EXT-0679,python
EXT-0679,react
EXT-0679,typescript
EXT-0680,git
EXT-0680,html_css
EXT-0680,javascript
EXT-0680,jest
EXT-0680,nodejs
EXT-0680,python
EXT-0680,react
EXT-0680,sql
EXT-0681,html_css
EXT-0681,javascript
EXT-0681,jest
EXT-0681,python
EXT-0681,react
EXT-0681,sql
EXT-0681,typescript
EXT-0682,html_css
EXT-0682,javascript
EXT-0682,python
EXT-0682,react
EXT-0682,typescript
EXT-0683,git
EXT-0683,javascript
EXT-0683,nodejs
EXT-0683,python
EXT-0683,react
EXT-0683,sql
EXT-0683,typescript
EXT-0684,html_css
EXT-0684,nodejs
EXT-0684,python
EXT-0684,react
EXT-0684,typescript
EXT-0685,git
EXT-0685,javascript
EXT-0685,nodejs
EXT-0686,nodejs
EXT-0686,react
EXT-0686,sql
EXT-0687,docker
EXT-0687,express
EXT-0687,html_css
EXT-0687,nodejs
EXT-0687,postgresql
EXT-0687,react
EXT-0688,postgresql
EXT-0688,python
EXT-0688,sql
EXT-0689,docker
EXT-0689,mongodb
EXT-0689,react
EXT-0690,ci_cd
EXT-0690,git
EXT-0690,nodejs
EXT-0690,react
EXT-0690,sql
EXT-0690,typescript
EXT-0691,ci_cd
EXT-0691,docker
EXT-0691,html_css
EXT-0691,jest
EXT-0691,mongodb
EXT-0691,nodejs
EXT-0691,typescript
EXT-0692,git
EXT-0692,html_css
EXT-0692,mongodb
EXT-0692,postgresql
EXT-0692,react
EXT-0692,typescript
EXT-0693,docker
EXT-0693,express
EXT-0693,html_css
EXT-0693,jest
EXT-0693,nodejs
EXT-0693,postgresql
EXT-0693,react
EXT-0694,html_css
EXT-0694,mongodb
EXT-0694,react
EXT-0694,typescript
EXT-0695,ci_cd
EXT-0695,express
EXT-0695,git
EXT-0695,python
EXT-0696,docker
EXT-0696,express
EXT-0696,javascript
EXT-0696,jest
EXT-0696,nodejs
EXT-0696,postgresql
EXT-0696,rest_apis
EXT-0696,sql
EXT-0697,ci_cd
EXT-0697,git
EXT-0697,mongodb
EXT-0697,postgresql
EXT-0697,sql
EXT-0698,ci_cd
EXT-0698,express
EXT-0698,html_css
EXT-0698,jest
EXT-0698,rest_apis
EXT-0699,docker
EXT-0699,nodejs
EXT-0699,postgresql
EXT-0699,react
EXT-0700,ci_cd
EXT-0700,docker
EXT-0700,express
EXT-0700,jest
EXT-0700,mongodb
EXT-0700,rest_apis
EXT-0700,sql
EXT-0700,typescript
EXT-0701,ci_cd
EXT-0701,docker
EXT-0701,html_css
EXT-0701,javascript
EXT-0701,jest
EXT-0701,sql
EXT-0701,typescript
EXT-0702,ci_cd
EXT-0702,javascript
EXT-0702,jest
EXT-0702,nodejs
EXT-0702,python
EXT-0702,react
EXT-0702,typescript
EXT-0703,javascript
EXT-0703,nodejs
EXT-0703,postgresql
EXT-0703,sql
EXT-0704,ci_cd
EXT-0704,jest
EXT-0704,mongodb
EXT-0704,nodejs
EXT-0704,postgresql
EXT-0704,react
EXT-0704,rest_apis
EXT-0705,docker
EXT-0705,html_css
EXT-0705,javascript
EXT-0705,jest
EXT-0705,mongodb
EXT-0705,postgresql
EXT-0705,react
EXT-0705,rest_apis
EXT-0706,docker
EXT-0706,html_css
EXT-0706,javascript
EXT-0706,sql
EXT-0707,ci_cd
EXT-0707,git
EXT-0707,html_css
EXT-0707,javascript
EXT-0707,sql
EXT-0708,html_css
EXT-0708,javascript
EXT-0708,nodejs
EXT-0708,python
EXT-0708,typescript
EXT-0709,git
EXT-0709,html_css
EXT-0709,javascript
EXT-0709,nodejs
EXT-0709,react
EXT-0709,sql
EXT-0709,typescript
EXT-0710,javascript
EXT-0710,jest
EXT-0710,postgresql
EXT-0710,react
EXT-0711,docker
EXT-0711,html_css
EXT-0711,javascript
EXT-0711,jest
EXT-0711,python
EXT-0711,rest_apis
EXT-0712,git
EXT-0712,html_css
EXT-0712,javascript
EXT-0712,jest
EXT-0712,nodejs
EXT-0712,python
EXT-0712,react
EXT-0712,sql
EXT-0713,git
EXT-0713,html_css
EXT-0713,jest
EXT-0713,nodejs
EXT-0713,python
EXT-0713,react
EXT-0713,sql
EXT-0714,html_css
EXT-0714,jest
EXT-0714,python
EXT-0714,react
EXT-0714,sql
EXT-0714,typescript
EXT-0715,git
EXT-0715,html_css
EXT-0715,nodejs
EXT-0715,sql
EXT-0715,typescript
EXT-0716,git
EXT-0716,javascript
EXT-0716,nodejs
EXT-0716,python
EXT-0716,react
EXT-0716,sql
EXT-0717,git
EXT-0717,javascript
EXT-0717,jest
EXT-0717,react
EXT-0717,sql
EXT-0717,typescript
EXT-0718,git
EXT-0718,html_css
EXT-0718,nodejs
EXT-0718,sql
EXT-0718,typescript
EXT-0719,javascript
EXT-0719,react
EXT-0719,typescript
EXT-0720,git
EXT-0720,html_css
EXT-0720,jest
EXT-0720,nodejs
EXT-0720,python
EXT-0720,react
EXT-0720,sql
EXT-0720,typescript
EXT-0721,git
EXT-0721,html_css
EXT-0721,javascript
EXT-0721,nodejs
EXT-0721,python
EXT-0721,react
EXT-0721,sql
EXT-0722,git
EXT-0722,jest
EXT-0722,nodejs
EXT-0722,react
EXT-0722,sql
EXT-0723,git
EXT-0723,javascript
EXT-0723,jest
EXT-0723,nodejs
EXT-0723,react
EXT-0723,sql
EXT-0724,git
EXT-0724,jest
EXT-0724,python
EXT-0724,sql
EXT-0725,git
EXT-0725,html_css
EXT-0725,javascript
EXT-0725,nodejs
EXT-0725,python
EXT-0725,react
EXT-0725,sql
EXT-0725,typescript
EXT-0726,javascript
EXT-0726,jest
EXT-0726,python
EXT-0726,react
EXT-0726,sql
EXT-0727,git
EXT-0727,javascript
EXT-0727,jest
EXT-0727,nodejs
EXT-0727,python
EXT-0727,sql
EXT-0728,html_css
EXT-0728,javascript
EXT-0728,jest
EXT-0728,nodejs
EXT-0728,python
EXT-0728,sql
EXT-0728,typescript
EXT-0729,git
EXT-0729,html_css
EXT-0729,javascript
EXT-0729,jest
EXT-0729,nodejs
EXT-0730,git
EXT-0730,html_css
EXT-0730,javascript
EXT-0730,nodejs
EXT-0730,python
EXT-0730,react
EXT-0730,sql
EXT-0730,typescript
EXT-0731,git
EXT-0731,html_css
EXT-0731,python
EXT-0732,git
EXT-0732,nodejs
EXT-0732,react
EXT-0733,html_css
EXT-0733,jest
EXT-0733,nodejs
EXT-0734,git
EXT-0734,html_css
EXT-0734,javascript
EXT-0734,jest
EXT-0734,nodejs
EXT-0734,sql
EXT-0734,typescript
EXT-0735,git
EXT-0735,javascript
EXT-0735,sql
EXT-0736,javascript
EXT-0736,react
EXT-0736,typescript
EXT-0737,express
EXT-0737,git
EXT-0737,jest
EXT-0737,mongodb
EXT-0737,nodejs
EXT-0737,rest_apis
EXT-0737,sql
EXT-0737,typescript
EXT-0738,ci_cd
EXT-0738,jest
EXT-0738,mongodb
EXT-0738,nodejs
EXT-0738,postgresql
EXT-0738,python
EXT-0738,rest_apis
EXT-0738,sql
EXT-0739,jest
EXT-0739,postgresql
EXT-0739,sql
EXT-0740,docker
EXT-0740,express
EXT-0740,git
EXT-0740,html_css
EXT-0740,rest_apis
EXT-0741,docker
EXT-0741,html_css
EXT-0741,rest_apis
EXT-0742,jest
EXT-0742,python
EXT-0742,react
EXT-0742,rest_apis
EXT-0743,ci_cd
EXT-0743,docker
EXT-0743,express
EXT-0743,git
EXT-0743,python
EXT-0743,react
EXT-0743,rest_apis
EXT-0744,ci_cd
EXT-0744,git
EXT-0744,javascript
EXT-0744,jest
EXT-0744,rest_apis
EXT-0745,ci_cd
EXT-0745,mongodb
EXT-0745,rest_apis
EXT-0746,html_css
EXT-0746,jest
EXT-0746,mongodb
EXT-0747,ci_cd
EXT-0747,docker
EXT-0747,html_css
EXT-0747,nodejs
EXT-0747,react
EXT-0747,rest_apis
EXT-0748,docker
EXT-0748,express
EXT-0748,javascript
EXT-0748,mongodb
EXT-0748,postgresql
EXT-0748,react
EXT-0748,rest_apis
EXT-0748,typescript
EXT-0749,docker
EXT-0749,javascript
EXT-0749,mongodb
EXT-0749,nodejs
EXT-0749,postgresql
EXT-0749,python
EXT-0749,react
EXT-0750,express
EXT-0750,git
EXT-0750,html_css
EXT-0750,react
EXT-0751,express
EXT-0751,git
EXT-0751,javascript
EXT-0752,express
EXT-0752,html_css
EXT-0752,javascript
EXT-0752,jest
EXT-0752,react
EXT-0752,rest_apis
EXT-0753,express
EXT-0753,nodejs
EXT-0753,postgresql
EXT-0753,python
EXT-0753,react
EXT-0754,ci_cd
EXT-0754,express
EXT-0754,git
EXT-0754,javascript
EXT-0754,jest
EXT-0754,mongodb
EXT-0754,react
EXT-0754,typescript
EXT-0755,ci_cd
EXT-0755,nodejs
EXT-0755,rest_apis
EXT-0756,ci_cd
EXT-0756,docker
EXT-0756,javascript
EXT-0756,jest
EXT-0756,mongodb
EXT-0756,nodejs
EXT-0756,python
EXT-0756,typescript
