contractor_id,skill_id
C-17,react
C-17,nodejs
C-17,kubernetes
C-17,typescript
C-17,javascript
C-17,docker
C-17,aws
C-17,postgresql
C-17,rest_apis
C-17,git
C-17,ci_cd
C-17,linux
C-09,react
C-09,nodejs
C-09,kubernetes
C-09,typescript
C-09,javascript
C-09,docker
C-09,rest_apis
C-09,git
C-03,redis
C-03,aws
C-03,vue
C-03,express
C-03,kafka
C-03,nextjs
C-03,java
C-03,ci_cd
C-05,nextjs
C-05,kafka
C-05,git
C-05,vue
C-05,azure
C-05,python
C-05,linux
C-05,angular
C-08,kafka
C-08,git
C-08,redis
C-08,nextjs
C-08,typescript
C-08,kubernetes
C-08,nodejs
C-08,graphql
C-08,javascript
C-11,nodejs
C-11,kubernetes
C-11,gcp
C-11,vue
C-11,rest_apis
C-11,jest
C-11,python
C-14,terraform
C-14,redis
C-14,typescript
C-14,jest
C-14,react
C-14,docker
C-14,linux
C-14,sql
C-14,nodejs
C-14,aws
C-20,terraform
C-20,aws
C-20,mongodb
C-20,jest
C-20,rest_apis
C-20,azure
C-20,docker
C-20,kubernetes
C-22,mongodb
C-22,docker
C-22,angular
C-22,sql
C-22,git
C-22,html_css
