employee_id,display_name,level,team,location,work_mode,hire_date,years_exp,open_to_move,is_active,rating
E-010,Vikram,senior,Payments,bengaluru,onsite,2022-01-15,5.5,false,true,5
E-018,Anil,senior,Payments,bengaluru,onsite,2025-01-18,5.0,false,false,3
E-020,Deepak,senior,Payments,bengaluru,onsite,2025-12-20,5.5,false,false,3
E-031,Karthik,lead,Platform,bengaluru,onsite,2019-07-01,7.2,true,true,5
E-038,Sneha,mid,Growth,bengaluru,onsite,2023-03-01,3.5,true,true,4
E-045,Priya,mid,Checkout,bengaluru,onsite,2022-09-01,4.0,true,true,4
E-052,Ananya,mid,Data,bengaluru,onsite,2023-01-15,3.7,true,true,3
E-072,Rahul,junior,Checkout,bengaluru,onsite,2025-03-01,1.5,true,true,3
E-001,Isaac,senior,Data,bengaluru,hybrid,2017-04-11,9.5,false,true,3
E-002,Aryan,mid,Mobile,remote_india,remote,2024-03-03,2.6,true,true,4
E-003,Anvi,senior,Payments,bengaluru,onsite,2018-11-16,7.9,true,true,4
E-004,Yash,senior,Checkout,bengaluru,onsite,2018-12-22,7.8,false,true,3
E-005,Udant,junior,Mobile,bengaluru,onsite,2025-12-20,0.8,false,true,4
E-006,Liam,lead,Payments,bengaluru,onsite,2013-07-30,13.2,false,true,3
E-007,Harsh,senior,Mobile,bengaluru,onsite,2018-05-17,8.4,false,true,3
E-008,Gagan,senior,Checkout,pune,onsite,2017-07-30,9.2,false,true,5
E-009,Pahal,junior,Data,pune,onsite,2025-09-02,1.1,false,true,3
E-011,Azad,mid,Platform,hyderabad,onsite,2022-04-10,4.5,false,true,4
E-012,Ayushman,mid,Growth,bengaluru,onsite,2024-06-21,2.3,false,true,3
E-013,Girik,lead,Infra,hyderabad,onsite,2015-01-29,11.7,false,true,4
E-014,Tejas,senior,Payments,bengaluru,onsite,2020-03-04,6.6,true,true,3
E-015,Viraj,senior,Growth,hyderabad,onsite,2018-11-16,7.9,false,true,3
E-016,Yashasvi,mid,Growth,bengaluru,onsite,2021-10-09,5.0,false,true,4
E-017,Avi,junior,Mobile,bengaluru,onsite,2026-04-09,0.5,true,true,4
E-019,Rushil,mid,Data,bengaluru,onsite,2022-04-10,4.5,true,true,3
E-021,Oni,junior,Infra,bengaluru,onsite,2024-10-08,2.0,false,true,3
E-022,Thomas,senior,Platform,bengaluru,onsite,2016-11-16,9.9,false,true,4
E-023,Saumya,senior,Platform,bengaluru,onsite,2018-09-04,8.1,false,true,3
E-024,Arunima,senior,Platform,bengaluru,onsite,2017-11-16,8.9,false,true,3
E-025,Abeer,mid,Mobile,bengaluru,onsite,2023-12-22,2.8,true,true,3
E-026,Nathaniel,lead,Platform,bengaluru,hybrid,2013-05-18,13.4,true,true,4
E-027,Pahal,senior,Checkout,remote_india,remote,2021-05-16,5.4,false,true,3
E-028,Harini,senior,Platform,bengaluru,onsite,2018-07-30,8.2,false,true,4
E-029,Arunima,junior,Payments,bengaluru,onsite,2024-11-14,1.9,false,true,3
E-030,Nachiket,mid,Payments,bengaluru,onsite,2022-12-21,3.8,true,true,3
E-032,Tanveer,junior,Payments,bengaluru,onsite,2025-07-27,1.2,false,true,4
E-033,Gayathri,junior,Mobile,remote_india,remote,2025-10-08,1.0,true,true,3
E-034,Harsh,senior,Mobile,bengaluru,onsite,2017-10-10,9.0,false,true,4
E-035,George,senior,Infra,pune,onsite,2018-09-04,8.1,false,true,3
E-036,Lajita,lead,Growth,bengaluru,onsite,2012-07-30,14.2,true,true,3
E-037,Gunbir,mid,Mobile,bengaluru,onsite,2024-07-27,2.2,true,true,3
E-039,Jagrati,mid,Checkout,bengaluru,hybrid,2023-03-04,3.6,false,true,4
E-040,Hemangini,mid,Data,remote_india,remote,2023-05-16,3.4,false,true,4
E-041,Aishani,junior,Growth,bengaluru,onsite,2025-11-14,0.9,true,true,3
E-042,Caleb,junior,Data,bengaluru,onsite,2025-04-09,1.5,true,true,3
E-043,Tripti,mid,Checkout,bengaluru,onsite,2023-10-09,3.0,false,true,4
E-044,Jeet,junior,Growth,bengaluru,onsite,2025-03-03,1.6,true,true,3
E-046,Kritika,senior,Infra,bengaluru,onsite,2018-12-22,7.8,false,true,4
E-047,Farhan,mid,Growth,bengaluru,onsite,2022-05-16,4.4,true,true,4
E-048,Chaaya,senior,Growth,bengaluru,onsite,2017-04-11,9.5,false,true,3
E-049,Janaki,senior,Checkout,pune,hybrid,2019-01-28,7.7,false,true,3
E-050,Rehaan,mid,Platform,pune,onsite,2023-01-27,3.7,false,true,5
E-051,Ekaraj,senior,Checkout,bengaluru,onsite,2018-05-17,8.4,true,true,5
E-053,Chakradev,senior,Platform,bengaluru,hybrid,2017-10-10,9.0,true,true,3
E-054,Vedant,mid,Infra,bengaluru,onsite,2023-07-28,3.2,true,true,3
E-055,Bimala,mid,Infra,hyderabad,onsite,2024-09-02,2.1,false,true,5
E-056,Fariq,senior,Infra,bengaluru,hybrid,2016-12-22,9.8,true,true,3
E-057,Viraj,junior,Platform,hyderabad,onsite,2025-09-02,1.1,false,true,4
E-058,Harrison,junior,Data,hyderabad,hybrid,2025-12-20,0.8,false,true,3
E-059,Lajita,junior,Payments,pune,onsite,2025-11-14,0.9,true,true,5
E-060,Arunima,senior,Platform,bengaluru,onsite,2021-03-05,5.6,false,true,3
E-061,Sudiksha,senior,Payments,remote_india,remote,2019-01-28,7.7,true,true,5
E-062,Janya,senior,Platform,bengaluru,onsite,2021-10-09,5.0,false,true,3
E-063,Nicholas,senior,Data,bengaluru,onsite,2020-11-15,5.9,false,true,4
E-064,Kamala,mid,Platform,bengaluru,onsite,2023-01-27,3.7,false,true,4
E-065,Isha,mid,Data,bengaluru,onsite,2022-06-22,4.3,false,true,3
E-066,Shaurya,junior,Growth,pune,onsite,2025-05-16,1.4,true,true,5
E-067,Amara,junior,Infra,pune,hybrid,2025-10-08,1.0,false,true,3
E-068,Ekbal,senior,Growth,bengaluru,onsite,2017-12-22,8.8,false,true,3
E-069,Onveer,mid,Checkout,remote_india,remote,2022-06-22,4.3,true,true,3
E-070,Yash,mid,Mobile,bengaluru,onsite,2022-01-27,4.7,false,true,3
E-071,Nihal,senior,Data,bengaluru,onsite,2019-06-23,7.3,false,true,3
E-073,Turvi,senior,Checkout,bengaluru,onsite,2021-06-22,5.3,true,true,3
E-074,Ladli,mid,Mobile,remote_india,remote,2022-06-22,4.3,false,true,3
E-075,Anamika,mid,Checkout,bengaluru,onsite,2022-10-09,4.0,false,true,3
E-076,Theodore,mid,Mobile,bengaluru,onsite,2022-12-21,3.8,false,true,3
E-077,Ekta,junior,Mobile,bengaluru,onsite,2026-03-03,0.6,true,true,3
E-078,Daksh,mid,Growth,remote_india,remote,2024-03-03,2.6,false,true,3
E-079,Veer,junior,Mobile,pune,onsite,2026-03-03,0.6,false,true,3
E-080,Azad,mid,Checkout,hyderabad,hybrid,2022-06-22,4.3,false,true,4
