employee_id,skill_id
E-010,react
E-010,nodejs
E-010,kubernetes
E-010,typescript
E-010,javascript
E-010,docker
E-010,aws
E-010,rest_apis
E-010,postgresql
E-010,git
E-010,ci_cd
E-018,react
E-018,nodejs
E-018,kubernetes
E-018,typescript
E-018,javascript
E-018,docker
E-018,git
E-020,react
E-020,nodejs
E-020,kubernetes
E-020,typescript
E-020,javascript
E-020,docker
E-020,aws
E-020,git
E-020,ci_cd
E-031,react
E-031,nodejs
E-031,kubernetes
E-031,terraform
E-031,typescript
E-031,javascript
E-031,docker
E-031,aws
E-031,system_design
E-031,microservices
E-031,git
E-031,ci_cd
E-031,postgresql
E-031,rest_apis
E-031,linux
E-031,python
E-038,react
E-038,nodejs
E-038,typescript
E-038,javascript
E-038,docker
E-038,git
E-038,ci_cd
E-038,postgresql
E-038,rest_apis
E-038,jest
E-045,react
E-045,nodejs
E-045,typescript
E-045,javascript
E-045,docker
E-045,html_css
E-045,git
E-045,ci_cd
E-045,postgresql
E-045,rest_apis
E-045,jest
E-052,react
E-052,nodejs
E-052,typescript
E-052,javascript
E-052,docker
E-052,html_css
E-052,git
E-052,postgresql
E-052,rest_apis
E-072,react
E-072,nodejs
E-072,javascript
E-072,html_css
E-072,git
E-072,jest
E-001,jest
E-001,html_css
E-001,kubernetes
E-001,nextjs
E-001,vue
E-001,ci_cd
E-001,azure
E-001,react
E-001,docker
E-001,sql
E-001,python
E-001,typescript
E-002,typescript
E-002,vue
E-002,nextjs
E-002,docker
E-002,sql
E-002,react
E-002,git
E-002,html_css
E-003,microservices
E-003,system_design
E-003,jest
E-003,nextjs
E-003,vue
E-003,sql
E-003,postgresql
E-003,gcp
E-003,rest_apis
E-003,kubernetes
E-004,linux
E-004,react
E-004,mongodb
E-004,java
E-004,aws
E-004,javascript
E-004,microservices
E-004,angular
E-004,graphql
E-004,rest_apis
E-005,react
E-005,git
E-005,javascript
E-005,nodejs
E-005,sql
E-005,html_css
E-005,typescript
E-006,angular
E-006,sql
E-006,kubernetes
E-006,linux
E-006,vue
E-006,graphql
E-006,system_design
E-006,express
E-006,jest
E-006,ci_cd
E-006,typescript
E-006,docker
E-006,microservices
E-006,aws
E-007,git
E-007,express
E-007,mongodb
E-007,aws
E-007,system_design
E-007,linux
E-007,azure
E-007,terraform
E-007,jest
E-007,docker
E-007,java
E-007,gcp
E-007,redis
E-007,react
E-008,python
E-008,azure
E-008,kafka
E-008,postgresql
E-008,gcp
E-008,javascript
E-008,redis
E-008,system_design
E-008,mongodb
E-008,angular
E-008,microservices
E-008,ci_cd
E-008,vue
E-008,aws
E-009,nodejs
E-009,typescript
E-009,jest
E-009,python
E-009,sql
E-011,typescript
E-011,python
E-011,react
E-011,javascript
E-011,express
E-011,git
E-011,jest
E-011,sql
E-011,redis
E-012,docker
E-012,rest_apis
E-012,redis
E-012,vue
E-012,nodejs
E-012,html_css
E-012,python
E-012,mongodb
E-012,angular
E-012,javascript
E-012,express
E-013,system_design
E-013,express
E-013,kubernetes
E-013,jest
E-013,kafka
E-013,angular
E-013,linux
E-013,azure
E-013,mongodb
E-013,microservices
E-013,html_css
E-013,redis
E-013,gcp
E-014,graphql
E-014,git
E-014,mongodb
E-014,typescript
E-014,kafka
E-014,kubernetes
E-014,gcp
E-014,nextjs
E-014,linux
E-014,redis
E-014,jest
E-014,microservices
E-014,aws
E-015,postgresql
E-015,express
E-015,docker
E-015,linux
E-015,vue
E-015,gcp
E-015,git
E-015,react
E-015,kafka
E-015,javascript
E-015,typescript
E-015,rest_apis
E-016,react
E-016,python
E-016,javascript
E-016,sql
E-016,redis
E-016,ci_cd
E-016,typescript
E-017,jest
E-017,react
E-017,typescript
E-017,sql
E-017,python
E-019,vue
E-019,postgresql
E-019,angular
E-019,ci_cd
E-019,python
E-019,nodejs
E-019,jest
E-021,sql
E-021,html_css
E-021,nodejs
E-021,react
E-021,typescript
E-022,redis
E-022,sql
E-022,vue
E-022,html_css
E-022,mongodb
E-022,java
E-022,typescript
E-022,kubernetes
E-022,angular
E-022,jest
E-022,postgresql
E-022,microservices
E-022,azure
E-022,nextjs
E-022,graphql
E-023,aws
E-023,postgresql
E-023,rest_apis
E-023,azure
E-023,graphql
E-023,react
E-023,javascript
E-023,typescript
E-023,redis
E-023,linux
E-023,python
E-023,mongodb
E-024,gcp
E-024,express
E-024,kubernetes
E-024,mongodb
E-024,rest_apis
E-024,jest
E-024,linux
E-024,javascript
E-024,microservices
E-024,java
E-024,git
E-024,ci_cd
E-024,azure
E-025,jest
E-025,express
E-025,html_css
E-025,vue
E-025,git
E-025,ci_cd
E-025,sql
E-025,redis
E-025,react
E-025,rest_apis
E-026,rest_apis
E-026,graphql
E-026,postgresql
E-026,angular
E-026,git
E-026,react
E-026,mongodb
E-026,python
E-026,redis
E-026,typescript
E-026,jest
E-026,azure
E-026,sql
E-026,gcp
E-027,ci_cd
E-027,java
E-027,aws
E-027,azure
E-027,docker
E-027,vue
E-027,kubernetes
E-027,terraform
E-027,nodejs
E-027,sql
E-027,javascript
E-027,linux
E-028,mongodb
E-028,python
E-028,java
E-028,html_css
E-028,vue
E-028,redis
E-028,ci_cd
E-028,postgresql
E-028,microservices
E-028,express
E-028,git
E-028,typescript
E-028,system_design
E-028,javascript
E-029,typescript
E-029,nodejs
E-029,react
E-029,jest
E-030,mongodb
E-030,ci_cd
E-030,sql
E-030,jest
E-030,angular
E-030,postgresql
E-030,redis
E-030,rest_apis
E-030,python
E-030,nextjs
E-032,jest
E-032,nodejs
E-032,python
E-032,javascript
E-033,typescript
E-033,sql
E-033,javascript
E-033,html_css
E-033,jest
E-033,git
E-034,nodejs
E-034,gcp
E-034,python
E-034,javascript
E-034,java
E-034,kubernetes
E-034,system_design
E-034,html_css
E-034,typescript
E-034,kafka
E-035,typescript
E-035,express
E-035,microservices
E-035,ci_cd
E-035,react
E-035,html_css
E-035,mongodb
E-035,git
E-035,nextjs
E-035,linux
E-035,docker
E-036,git
E-036,aws
E-036,docker
E-036,java
E-036,typescript
E-036,redis
E-036,html_css
E-036,express
E-036,mongodb
E-036,rest_apis
E-036,ci_cd
E-036,system_design
E-036,azure
E-036,terraform
E-037,python
E-037,express
E-037,rest_apis
E-037,sql
E-037,vue
E-037,html_css
E-037,docker
E-037,angular
E-037,nextjs
E-039,nextjs
E-039,angular
E-039,python
E-039,javascript
E-039,react
E-039,html_css
E-039,rest_apis
E-039,docker
E-039,typescript
E-039,redis
E-040,sql
E-040,ci_cd
E-040,html_css
E-040,docker
E-040,express
E-040,typescript
E-040,redis
E-040,angular
E-040,mongodb
E-040,nodejs
E-040,git
E-041,python
E-041,sql
E-041,react
E-042,jest
E-042,javascript
E-042,python
E-042,react
E-042,html_css
E-043,docker
E-043,typescript
E-043,javascript
E-043,mongodb
E-043,sql
E-043,python
E-043,nextjs
E-043,redis
E-043,postgresql
E-044,typescript
E-044,jest
E-044,python
E-044,react
E-046,jest
E-046,postgresql
E-046,java
E-046,microservices
E-046,graphql
E-046,system_design
E-046,express
E-046,azure
E-046,javascript
E-046,rest_apis
E-047,express
E-047,angular
E-047,ci_cd
E-047,redis
E-047,react
E-047,git
E-047,docker
E-047,html_css
E-047,mongodb
E-048,angular
E-048,aws
E-048,vue
E-048,azure
E-048,nodejs
E-048,python
E-048,react
E-048,typescript
E-048,mongodb
E-048,rest_apis
E-049,kubernetes
E-049,rest_apis
E-049,java
E-049,graphql
E-049,docker
E-049,terraform
E-049,react
E-049,linux
E-049,typescript
E-049,nodejs
E-049,ci_cd
E-049,gcp
E-050,python
E-050,express
E-050,angular
E-050,git
E-050,sql
E-050,rest_apis
E-050,react
E-051,postgresql
E-051,python
E-051,git
E-051,system_design
E-051,html_css
E-051,vue
E-051,sql
E-051,terraform
E-051,angular
E-051,gcp
E-051,kafka
E-051,jest
E-051,typescript
E-051,graphql
E-053,python
E-053,azure
E-053,sql
E-053,aws
E-053,html_css
E-053,jest
E-053,nextjs
E-053,angular
E-053,react
E-053,postgresql
E-053,javascript
E-053,ci_cd
E-053,linux
E-053,system_design
E-054,angular
E-054,typescript
E-054,mongodb
E-054,ci_cd
E-054,react
E-054,jest
E-054,sql
E-054,postgresql
E-054,javascript
E-055,vue
E-055,redis
E-055,html_css
E-055,docker
E-055,javascript
E-055,typescript
E-055,nodejs
E-055,angular
E-056,rest_apis
E-056,azure
E-056,python
E-056,graphql
E-056,express
E-056,sql
E-056,git
E-056,javascript
E-056,kubernetes
E-056,microservices
E-056,jest
E-057,react
E-057,sql
E-057,javascript
E-057,git
E-057,nodejs
E-058,react
E-058,python
E-058,jest
E-058,git
E-059,python
E-059,html_css
E-059,git
E-059,jest
E-059,nodejs
E-059,typescript
E-060,aws
E-060,microservices
E-060,sql
E-060,react
E-060,graphql
E-060,typescript
E-060,linux
E-060,javascript
E-060,postgresql
E-060,mongodb
E-061,javascript
E-061,nodejs
E-061,aws
E-061,ci_cd
E-061,rest_apis
E-061,docker
E-061,nextjs
E-061,kafka
E-061,html_css
E-061,sql
E-061,mongodb
E-061,microservices
E-061,system_design
E-061,vue
E-062,microservices
E-062,mongodb
E-062,kubernetes
E-062,git
E-062,angular
E-062,aws
E-062,vue
E-062,nextjs
E-062,sql
E-062,python
E-062,express
E-062,html_css
E-063,nextjs
E-063,html_css
E-063,linux
E-063,git
E-063,jest
E-063,typescript
E-063,mongodb
E-063,java
E-063,docker
E-063,vue
E-064,docker
E-064,html_css
E-064,nodejs
E-064,ci_cd
E-064,typescript
E-064,sql
E-064,rest_apis
E-064,python
E-064,nextjs
E-064,redis
E-064,git
E-065,nodejs
E-065,sql
E-065,postgresql
E-065,express
E-065,docker
E-065,python
E-065,rest_apis
E-065,mongodb
E-065,angular
E-065,javascript
E-065,redis
E-066,html_css
E-066,javascript
E-066,jest
E-066,react
E-066,typescript
E-066,python
E-067,sql
E-067,html_css
E-067,nodejs
E-067,javascript
E-067,typescript
E-067,python
E-067,git
E-068,html_css
E-068,express
E-068,redis
E-068,system_design
E-068,vue
E-068,sql
E-068,docker
E-068,typescript
E-068,postgresql
E-068,java
E-068,terraform
E-068,javascript
E-068,microservices
E-069,react
E-069,vue
E-069,redis
E-069,python
E-069,jest
E-069,typescript
E-069,git
E-069,angular
E-069,mongodb
E-070,docker
E-070,javascript
E-070,nextjs
E-070,html_css
E-070,ci_cd
E-070,jest
E-070,git
E-070,redis
E-070,express
E-070,nodejs
E-070,react
E-071,linux
E-071,angular
E-071,html_css
E-071,docker
E-071,jest
E-071,sql
E-071,redis
E-071,terraform
E-071,javascript
E-071,express
E-071,kafka
E-071,python
E-071,rest_apis
E-071,azure
E-073,gcp
E-073,vue
E-073,docker
E-073,aws
E-073,azure
E-073,ci_cd
E-073,jest
E-073,system_design
E-073,mongodb
E-073,rest_apis
E-073,react
E-073,angular
E-073,typescript
E-073,microservices
E-074,mongodb
E-074,express
E-074,rest_apis
E-074,git
E-074,sql
E-074,nodejs
E-074,typescript
E-074,javascript
E-074,ci_cd
E-075,ci_cd
E-075,html_css
E-075,jest
E-075,rest_apis
E-075,mongodb
E-075,docker
E-075,typescript
E-075,vue
E-075,javascript
E-075,postgresql
E-075,sql
E-076,postgresql
E-076,nextjs
E-076,typescript
E-076,nodejs
E-076,git
E-076,html_css
E-076,rest_apis
E-076,redis
E-077,react
E-077,html_css
E-077,git
E-077,typescript
E-077,jest
E-077,python
E-078,rest_apis
E-078,nodejs
E-078,sql
E-078,javascript
E-078,git
E-078,ci_cd
E-078,typescript
E-078,redis
E-079,react
E-079,git
E-079,jest
E-079,html_css
E-079,python
E-079,typescript
E-079,javascript
E-080,typescript
E-080,vue
E-080,git
E-080,postgresql
E-080,html_css
E-080,python
E-080,react
