person_id,skill_id,source,value,observed_on,detail
E-072,aws,assessment,35,2026-03-12,
E-072,aws,self,intermediate,2026-03-12,
E-045,kubernetes,assessment,40,2026-08-18,
E-045,kubernetes,self,expert,2026-08-18,
E-031,terraform,certification,,2025-06-15,Terraform Associate 2025
E-031,terraform,project,30,2026-09-01,Platform-Core
E-045,graphql,self,intermediate,2025-02-15,
E-031,python,assessment,38,2026-04-01,
E-031,python,self,expert,2026-04-01,
E-045,docker,assessment,70,2024-09-15,
E-072,mongodb,self,beginner,2025-08-01,
C-17,gcp,self,intermediate,2025-09-01,
E-031,react,assessment,85,2026-04-01,
E-031,nodejs,assessment,82,2026-04-01,
E-031,kubernetes,assessment,78,2026-04-01,
E-031,typescript,assessment,80,2026-04-01,
E-031,javascript,assessment,88,2026-04-01,
E-031,docker,assessment,85,2026-04-01,
E-031,aws,assessment,75,2026-04-01,
E-031,system_design,assessment,90,2026-04-01,
E-031,microservices,assessment,82,2026-04-01,
E-031,git,assessment,90,2026-04-01,
E-031,ci_cd,assessment,78,2026-04-01,
E-031,postgresql,assessment,80,2026-04-01,
E-031,rest_apis,assessment,85,2026-04-01,
E-031,linux,assessment,82,2026-04-01,
E-045,react,assessment,90,2026-05-01,
E-045,nodejs,assessment,88,2026-05-01,
E-045,typescript,assessment,82,2026-05-01,
E-045,javascript,assessment,85,2026-05-01,
E-045,html_css,assessment,82,2026-05-01,
E-045,git,assessment,85,2026-05-01,
E-045,ci_cd,assessment,70,2026-05-01,
E-045,postgresql,assessment,78,2026-05-01,
E-045,rest_apis,assessment,80,2026-05-01,
E-045,jest,assessment,80,2026-05-01,
E-072,react,assessment,68,2026-06-01,
E-072,nodejs,assessment,64,2026-06-01,
E-072,javascript,assessment,75,2026-06-01,
E-072,html_css,assessment,75,2026-06-01,
E-072,git,assessment,80,2026-06-01,
E-072,jest,assessment,65,2026-06-01,
C-17,react,assessment,80,2026-06-01,
C-17,nodejs,assessment,78,2026-06-01,
C-17,kubernetes,assessment,82,2026-06-01,
C-17,typescript,assessment,75,2026-06-01,
C-17,javascript,assessment,85,2026-06-01,
C-17,docker,assessment,80,2026-06-01,
C-17,aws,assessment,72,2026-06-01,
C-17,postgresql,assessment,75,2026-06-01,
C-17,rest_apis,assessment,78,2026-06-01,
C-17,git,assessment,85,2026-06-01,
C-17,ci_cd,assessment,76,2026-06-01,
C-17,linux,assessment,80,2026-06-01,
