employee_id,project_id,start_date
E-010,PROJ-03,2022-01-15
E-031,PROJ-01,2019-07-01
E-038,PROJ-04,2023-03-01
E-045,PROJ-02,2022-09-01
E-052,PROJ-07,2023-01-15
E-072,PROJ-02,2025-03-01
E-001,PROJ-07,2017-03-05
E-002,PROJ-06,2024-03-03
E-003,PROJ-03,2019-03-05
E-004,PROJ-02,2021-07-28
E-005,PROJ-06,2025-05-15
E-006,PROJ-03,2013-06-23
E-007,PROJ-06,2020-01-27
E-008,PROJ-02,2017-03-05
E-009,PROJ-07,2025-07-27
E-011,PROJ-01,2022-03-04
E-012,PROJ-04,2024-05-15
E-013,PROJ-05,2014-07-30
E-014,PROJ-03,2019-07-29
E-015,PROJ-04,2019-10-10
E-016,PROJ-04,2022-05-16
E-017,PROJ-06,2025-11-13
E-019,PROJ-07,2023-12-21
E-021,PROJ-05,2025-01-25
E-022,PROJ-01,2016-10-10
E-023,PROJ-01,2020-12-21
E-024,PROJ-01,2019-07-29
E-025,PROJ-06,2023-05-16
E-026,PROJ-01,2017-11-15
E-027,PROJ-02,2019-11-15
E-028,PROJ-01,2020-12-21
E-029,PROJ-03,2026-01-25
E-030,PROJ-03,2023-09-02
E-032,PROJ-03,2024-10-08
E-033,PROJ-06,2025-06-20
E-034,PROJ-06,2019-04-10
E-035,PROJ-05,2021-06-21
E-036,PROJ-04,2012-07-30
E-037,PROJ-06,2023-10-09
E-039,PROJ-02,2024-04-08
E-040,PROJ-07,2024-06-20
E-041,PROJ-04,2025-10-08
E-042,PROJ-07,2025-09-01
E-043,PROJ-02,2022-09-02
E-044,PROJ-04,2026-01-25
E-046,PROJ-05,2020-09-02
E-047,PROJ-04,2023-12-21
E-048,PROJ-04,2021-06-21
E-049,PROJ-02,2016-10-10
E-050,PROJ-01,2022-07-28
E-051,PROJ-02,2021-01-27
E-053,PROJ-01,2018-11-15
E-054,PROJ-05,2021-10-09
E-055,PROJ-05,2022-06-21
E-056,PROJ-05,2019-09-03
E-057,PROJ-01,2025-01-25
E-058,PROJ-07,2026-01-25
E-059,PROJ-03,2024-11-13
E-060,PROJ-01,2021-03-04
E-061,PROJ-03,2016-12-22
E-062,PROJ-01,2017-04-10
E-063,PROJ-07,2021-06-21
E-064,PROJ-01,2022-10-09
E-065,PROJ-07,2023-06-21
E-066,PROJ-04,2025-06-20
E-067,PROJ-05,2025-05-15
E-068,PROJ-04,2021-03-04
E-069,PROJ-02,2023-01-26
E-070,PROJ-06,2023-05-16
E-071,PROJ-07,2019-04-10
E-073,PROJ-02,2017-06-23
E-074,PROJ-06,2022-09-02
E-075,PROJ-02,2021-10-09
E-076,PROJ-06,2023-03-04
E-077,PROJ-06,2026-01-25
E-078,PROJ-04,2023-06-21
E-079,PROJ-06,2025-11-13
E-080,PROJ-02,2022-01-27
