skill_a,skill_b,type,weight
nextjs,react,child,0.4
express,nodejs,requires,1.0
docker,kubernetes,adjacent,0.5
typescript,javascript,child,0.6
html_css,react,adjacent,0.3
html_css,angular,adjacent,0.3
html_css,vue,adjacent,0.3
react,javascript,requires,1.0
angular,javascript,requires,1.0
angular,typescript,adjacent,0.5
vue,javascript,requires,1.0
nodejs,javascript,child,0.5
jest,javascript,adjacent,0.4
jest,typescript,adjacent,0.4
postgresql,sql,child,0.6
mongodb,postgresql,adjacent,0.3
redis,mongodb,adjacent,0.3
aws,gcp,adjacent,0.4
aws,azure,adjacent,0.4
gcp,azure,adjacent,0.4
terraform,aws,adjacent,0.4
terraform,gcp,adjacent,0.4
terraform,azure,adjacent,0.4
docker,ci_cd,adjacent,0.3
kubernetes,ci_cd,adjacent,0.3
git,ci_cd,adjacent,0.4
kafka,microservices,adjacent,0.4
rest_apis,microservices,adjacent,0.5
docker,microservices,adjacent,0.4
system_design,microservices,adjacent,0.5
python,rest_apis,adjacent,0.3
java,rest_apis,adjacent,0.3
nodejs,rest_apis,adjacent,0.4
linux,docker,adjacent,0.3
linux,kubernetes,adjacent,0.3
graphql,rest_apis,adjacent,0.4
react,vue,adjacent,0.3
react,angular,adjacent,0.3
vue,angular,adjacent,0.3
nextjs,nodejs,adjacent,0.3
